"order_id","order_time","expected_delivery","actual_delivery","no_of_pizzas","price"
1,"2023-09-29 21:22:57","2023-09-29 21:52:57","2023-09-29 21:52:57",8,"59.25"
2,"2023-06-03 19:32:40","2023-06-03 20:02:40","2023-06-03 20:02:40",2,"82.56"
3,"2023-03-19 18:14:04","2023-03-19 18:44:04","2023-03-19 18:44:04",5,"77.70"
4,"2023-06-21 18:45:00","2023-06-21 19:15:00","2023-06-21 19:15:00",3,"71.10"
5,"2023-11-16 20:24:03","2023-11-16 20:54:03","2023-11-16 20:54:03",1,"72.74"
6,"2023-06-01 00:17:54","2023-06-01 00:47:54","2023-06-01 00:47:54",9,"62.01"
7,"2023-04-15 15:29:57","2023-04-15 15:59:57","2023-04-15 15:59:57",8,"59.82"
8,"2023-11-03 12:35:06","2023-11-03 13:05:06","2023-11-03 13:05:06",5,"95.90"
9,"2023-01-20 21:36:56","2023-01-20 22:06:56","2023-01-20 22:06:56",6,"52.15"
10,"2023-07-31 13:43:39","2023-07-31 14:13:39","2023-07-31 14:13:39",10,"81.69"
11,"2023-04-22 17:13:02","2023-04-22 17:43:02","2023-04-22 17:43:02",6,"59.05"
12,"2023-07-24 23:37:31","2023-07-25 00:07:31","2023-07-25 00:07:31",2,"76.84"
13,"2023-02-28 10:21:09","2023-02-28 10:51:09","2023-02-28 10:51:09",1,"27.16"
14,"2023-07-17 14:40:39","2023-07-17 15:10:39","2023-07-17 15:10:39",3,"63.93"
15,"2023-09-23 13:17:20","2023-09-23 13:47:20","2023-09-23 13:47:20",6,"93.79"
16,"2023-10-07 10:35:08","2023-10-07 11:05:08","2023-10-07 11:05:08",2,"49.30"
17,"2023-04-14 02:34:18","2023-04-14 03:04:18","2023-04-14 03:04:18",9,"23.39"
18,"2023-01-22 21:52:22","2023-01-22 22:22:22","2023-01-22 22:22:22",8,"24.38"
19,"2023-04-25 14:08:51","2023-04-25 14:38:51","2023-04-25 14:38:51",8,"49.31"
20,"2023-11-19 03:09:40","2023-11-19 03:39:40","2023-11-19 03:39:40",5,"73.18"
21,"2023-11-12 15:37:39","2023-11-12 16:07:39","2023-11-12 16:07:39",9,"49.36"
22,"2023-06-24 06:55:16","2023-06-24 07:25:16","2023-06-24 07:25:16",3,"64.34"
23,"2023-02-21 08:54:45","2023-02-21 09:24:45","2023-02-21 09:24:45",3,"43.15"
24,"2023-02-03 02:34:12","2023-02-03 03:04:12","2023-02-03 03:04:12",9,"50.26"
25,"2023-09-30 13:12:32","2023-09-30 13:42:32","2023-09-30 13:42:32",5,"65.59"
26,"2023-03-25 16:51:25","2023-03-25 17:21:25",,1,"84.52"
27,"2023-01-26 21:43:55","2023-01-26 22:13:55","2023-01-26 22:13:55",9,"96.48"
28,"2023-06-29 19:42:55","2023-06-29 20:12:55","2023-06-29 20:12:55",8,"38.90"
29,"2023-10-19 23:53:14","2023-10-20 00:23:14",,10,"94.67"
30,"2023-07-09 01:01:00","2023-07-09 01:31:00",,8,"73.03"
31,"2023-09-13 20:01:15","2023-09-13 20:31:15","2023-09-13 20:31:15",7,"79.04"
32,"2023-09-10 19:41:40","2023-09-10 20:11:40","2023-09-10 20:11:40",6,"85.17"
33,"2023-06-05 12:46:20","2023-06-05 13:16:20","2023-06-05 13:21:20",8,"58.98"
34,"2023-12-04 13:41:09","2023-12-04 14:11:09","2023-12-04 14:16:09",6,"31.65"
35,"2023-03-01 06:22:59","2023-03-01 06:52:59","2023-03-01 06:57:59",6,"47.65"
36,"2023-12-06 04:15:43","2023-12-06 04:45:43","2023-12-06 04:50:43",6,"73.35"
37,"2023-08-28 13:53:28","2023-08-28 14:23:28","2023-08-28 14:28:28",6,"62.10"
38,"2023-10-28 01:42:42","2023-10-28 02:12:42","2023-10-28 02:17:42",8,"97.39"
39,"2023-03-06 00:14:36","2023-03-06 00:44:36","2023-03-06 00:49:36",4,"29.60"
40,"2023-12-18 09:23:17","2023-12-18 09:53:17","2023-12-18 09:58:17",9,"31.02"
41,"2023-06-07 20:38:13","2023-06-07 21:08:13",,4,"35.57"
42,"2023-09-14 14:55:22","2023-09-14 15:25:22",,2,"81.30"
43,"2023-02-19 09:21:11","2023-02-19 09:51:11","2023-02-19 09:51:11",4,"86.10"
44,"2023-02-28 16:33:42","2023-02-28 17:03:42","2023-02-28 17:03:42",1,"84.73"
45,"2023-05-24 11:59:36","2023-05-24 12:29:36","2023-05-24 12:29:36",8,"88.74"
46,"2023-02-05 14:10:31","2023-02-05 14:40:31","2023-02-05 14:40:31",6,"44.25"
47,"2023-09-23 00:51:43","2023-09-23 01:21:43",,8,"94.97"
48,"2023-02-13 17:36:13","2023-02-13 18:06:13","2023-02-13 18:06:13",10,"54.73"
49,"2023-01-11 07:09:18","2023-01-11 07:39:18","2023-01-11 07:39:18",1,"52.44"
50,"2023-04-23 22:29:51","2023-04-23 22:59:51","2023-04-23 22:59:51",2,"82.14"
51,"2023-12-19 21:16:21","2023-12-19 21:46:21","2023-12-19 21:46:21",4,"33.64"
52,"2023-12-16 10:15:44","2023-12-16 10:45:44","2023-12-16 10:45:44",9,"33.92"
53,"2023-01-01 13:00:05","2023-01-01 13:30:05","2023-01-01 13:30:05",8,"61.33"
54,"2023-08-08 01:36:15","2023-08-08 02:06:15","2023-08-08 02:06:15",9,"82.94"
55,"2023-11-23 03:38:42","2023-11-23 04:08:42","2023-11-23 04:08:42",4,"70.99"
56,"2023-08-24 09:07:35","2023-08-24 09:37:35","2023-08-24 09:37:35",5,"68.33"
57,"2023-01-21 15:00:52","2023-01-21 15:30:52",,6,"24.74"
58,"2023-07-11 08:17:24","2023-07-11 08:47:24",,4,"93.92"
59,"2023-10-10 15:18:35","2023-10-10 15:48:35","2023-10-10 15:48:35",8,"69.99"
60,"2023-08-05 17:26:32","2023-08-05 17:56:32","2023-08-05 18:06:32",7,"78.32"
61,"2023-07-06 11:54:25","2023-07-06 12:24:25","2023-07-06 12:34:25",8,"83.95"
62,"2023-09-06 05:16:45","2023-09-06 05:46:45","2023-09-06 05:56:45",10,"93.41"
63,"2023-09-25 15:20:24","2023-09-25 15:50:24","2023-09-25 16:00:24",9,"20.08"
64,"2023-05-30 09:59:43","2023-05-30 10:29:43","2023-05-30 10:39:43",7,"60.13"
65,"2023-05-07 07:37:42","2023-05-07 08:07:42","2023-05-07 08:17:42",4,"77.24"
66,"2023-11-07 15:47:17","2023-11-07 16:17:17","2023-11-07 16:27:17",2,"79.27"
67,"2023-02-18 19:39:21","2023-02-18 20:09:21","2023-02-18 20:19:21",9,"73.77"
68,"2023-05-12 10:05:33","2023-05-12 10:35:33","2023-05-12 10:45:33",6,"20.59"
69,"2023-04-15 05:56:49","2023-04-15 06:26:49","2023-04-15 06:36:49",8,"74.02"
70,"2023-09-06 02:59:28","2023-09-06 03:29:28","2023-09-06 03:39:28",1,"75.64"
71,"2023-06-09 08:49:35","2023-06-09 09:19:35","2023-06-09 09:19:35",7,"27.17"
72,"2023-04-04 14:47:45","2023-04-04 15:17:45","2023-04-04 15:17:45",8,"60.35"
73,"2023-11-27 00:04:33","2023-11-27 00:34:33","2023-11-27 00:34:33",3,"92.13"
74,"2023-03-14 12:19:41","2023-03-14 12:49:41","2023-03-14 12:49:41",5,"67.55"
75,"2023-06-07 16:28:49","2023-06-07 16:58:49","2023-06-07 16:58:49",2,"31.17"
76,"2023-07-29 12:49:44","2023-07-29 13:19:44","2023-07-29 13:19:44",1,"87.12"
77,"2023-02-01 16:42:29","2023-02-01 17:12:29","2023-02-01 17:12:29",1,"48.96"
78,"2023-07-25 10:16:35","2023-07-25 10:46:35","2023-07-25 10:46:35",7,"34.30"
79,"2023-11-09 06:52:37","2023-11-09 07:22:37","2023-11-09 07:22:37",7,"86.32"
80,"2023-04-11 11:33:58","2023-04-11 12:03:58","2023-04-11 12:03:58",9,"93.93"
81,"2023-09-02 20:35:44","2023-09-02 21:05:44","2023-09-02 21:05:44",9,"65.04"
82,"2023-01-22 03:05:52","2023-01-22 03:35:52","2023-01-22 03:35:52",7,"82.59"
83,"2023-03-18 03:13:26","2023-03-18 03:43:26","2023-03-18 03:43:26",1,"66.28"
84,"2023-08-17 00:51:01","2023-08-17 01:21:01","2023-08-17 01:21:01",5,"89.52"
85,"2023-08-31 03:19:03","2023-08-31 03:49:03","2023-08-31 03:49:03",4,"70.30"
86,"2023-05-24 21:24:07","2023-05-24 21:54:07","2023-05-24 21:54:07",2,"86.43"
87,"2023-07-02 00:36:44","2023-07-02 01:06:44","2023-07-02 01:06:44",6,"23.61"
88,"2023-02-15 16:22:47","2023-02-15 16:52:47","2023-02-15 16:52:47",8,"56.89"
89,"2023-10-06 01:43:48","2023-10-06 02:13:48","2023-10-06 02:13:48",2,"68.22"
90,"2023-04-25 14:39:07","2023-04-25 15:09:07","2023-04-25 15:09:07",2,"41.85"
91,"2023-11-20 17:50:18","2023-11-20 18:20:18","2023-11-20 18:20:18",8,"24.06"
92,"2023-10-24 19:07:07","2023-10-24 19:37:07","2023-10-24 19:37:07",1,"80.47"
93,"2023-09-21 01:36:07","2023-09-21 02:06:07","2023-09-21 02:06:07",10,"47.75"
94,"2023-12-29 08:25:41","2023-12-29 08:55:41","2023-12-29 08:55:41",5,"83.45"
95,"2023-10-19 16:44:17","2023-10-19 17:14:17","2023-10-19 17:14:17",5,"83.37"
96,"2023-03-05 20:20:29","2023-03-05 20:50:29","2023-03-05 20:50:29",9,"79.81"
97,"2023-02-21 10:20:50","2023-02-21 10:50:50","2023-02-21 10:50:50",1,"49.01"
98,"2023-05-01 10:59:52","2023-05-01 11:29:52","2023-05-01 11:29:52",5,"39.43"
99,"2023-05-22 06:52:28","2023-05-22 07:22:28","2023-05-22 07:22:28",10,"44.04"
100,"2023-05-18 10:32:11","2023-05-18 11:02:11","2023-05-18 11:02:11",9,"92.37"
101,"2023-12-29 11:17:07","2023-12-29 11:47:07","2023-12-29 11:47:07",4,"64.71"
102,"2023-08-04 03:04:53","2023-08-04 03:34:53","2023-08-04 03:34:53",7,"80.54"
103,"2023-11-09 10:52:46","2023-11-09 11:22:46","2023-11-09 11:22:46",5,"28.75"
104,"2023-04-01 06:16:26","2023-04-01 06:46:26","2023-04-01 06:46:26",2,"78.08"
105,"2023-07-08 02:25:53","2023-07-08 02:55:53","2023-07-08 02:55:53",9,"92.42"
106,"2023-06-14 18:33:28","2023-06-14 19:03:28","2023-06-14 19:03:28",4,"84.45"
107,"2023-07-18 17:43:06","2023-07-18 18:13:06","2023-07-18 18:13:06",4,"36.49"
108,"2023-10-04 04:25:07","2023-10-04 04:55:07","2023-10-04 04:55:07",1,"85.84"
109,"2023-12-22 09:00:15","2023-12-22 09:30:15",,8,"54.17"
110,"2023-04-22 16:02:18","2023-04-22 16:32:18","2023-04-22 16:32:18",10,"23.30"
111,"2023-11-04 06:40:15","2023-11-04 07:10:15","2023-11-04 07:10:15",3,"77.63"
112,"2023-02-02 19:47:23","2023-02-02 20:17:23","2023-02-02 20:17:23",2,"38.44"
113,"2023-07-10 01:11:11","2023-07-10 01:41:11","2023-07-10 01:41:11",8,"37.37"
114,"2023-04-07 07:54:57","2023-04-07 08:24:57","2023-04-07 08:24:57",3,"74.39"
115,"2023-12-16 03:20:57","2023-12-16 03:50:57","2023-12-16 03:50:57",10,"27.77"
116,"2023-11-04 08:02:38","2023-11-04 08:32:38","2023-11-04 08:32:38",9,"91.16"
117,"2023-05-30 10:36:49","2023-05-30 11:06:49","2023-05-30 11:06:49",9,"48.91"
118,"2023-03-23 06:52:30","2023-03-23 07:22:30","2023-03-23 07:22:30",3,"62.47"
119,"2023-04-04 16:24:33","2023-04-04 16:54:33","2023-04-04 16:54:33",10,"23.63"
120,"2023-10-06 04:12:36","2023-10-06 04:42:36","2023-10-06 04:42:36",6,"59.28"
121,"2023-06-25 09:31:28","2023-06-25 10:01:28","2023-06-25 10:01:28",4,"28.54"
122,"2023-05-24 15:31:37","2023-05-24 16:01:37","2023-05-24 16:01:37",9,"92.76"
123,"2023-09-07 16:11:56","2023-09-07 16:41:56","2023-09-07 16:41:56",6,"36.29"
124,"2023-04-01 05:24:28","2023-04-01 05:54:28","2023-04-01 05:54:28",5,"77.22"
125,"2023-08-21 18:34:01","2023-08-21 19:04:01","2023-08-21 19:04:01",9,"22.95"
126,"2023-06-22 15:36:58","2023-06-22 16:06:58","2023-06-22 16:06:58",8,"93.48"
127,"2023-09-29 01:39:55","2023-09-29 02:09:55","2023-09-29 02:09:55",2,"22.04"
128,"2023-02-07 13:00:05","2023-02-07 13:30:05","2023-02-07 13:30:05",1,"54.95"
129,"2023-11-20 14:17:17","2023-11-20 14:47:17","2023-11-20 14:47:17",9,"53.04"
130,"2023-09-21 02:29:24","2023-09-21 02:59:24","2023-09-21 02:59:24",9,"54.84"
131,"2023-03-21 02:14:03","2023-03-21 02:44:03","2023-03-21 02:44:03",9,"34.65"
132,"2023-10-18 17:50:19","2023-10-18 18:20:19","2023-10-18 18:20:19",7,"85.61"
133,"2023-11-19 02:25:22","2023-11-19 02:55:22","2023-11-19 02:55:22",7,"77.88"
134,"2023-05-20 16:06:23","2023-05-20 16:36:23","2023-05-20 16:36:23",6,"74.21"
135,"2023-11-13 11:11:31","2023-11-13 11:41:31","2023-11-13 11:41:31",6,"63.90"
136,"2023-04-19 01:10:26","2023-04-19 01:40:26","2023-04-19 01:40:26",7,"66.20"
137,"2023-02-22 00:04:55","2023-02-22 00:34:55","2023-02-22 00:34:55",10,"69.90"
138,"2023-09-21 13:28:25","2023-09-21 13:58:25","2023-09-21 13:58:25",3,"89.36"
139,"2023-09-22 17:58:35","2023-09-22 18:28:35","2023-09-22 18:28:35",7,"82.67"
140,"2023-06-14 21:10:43","2023-06-14 21:40:43","2023-06-14 21:40:43",5,"88.95"
141,"2023-06-02 01:40:41","2023-06-02 02:10:41","2023-06-02 02:10:41",7,"33.49"
142,"2023-07-28 20:13:42","2023-07-28 20:43:42","2023-07-28 20:43:42",7,"92.68"
143,"2023-10-04 23:25:27","2023-10-04 23:55:27","2023-10-04 23:55:27",4,"39.39"
144,"2023-06-13 10:06:49","2023-06-13 10:36:49",,4,"85.23"
145,"2023-05-12 13:19:45","2023-05-12 13:49:45","2023-05-12 13:49:45",5,"64.32"
146,"2023-05-31 21:16:19","2023-05-31 21:46:19","2023-05-31 21:46:19",2,"24.22"
147,"2023-09-22 00:50:15","2023-09-22 01:20:15","2023-09-22 01:20:15",8,"97.53"
148,"2023-06-26 23:32:15","2023-06-27 00:02:15","2023-06-27 00:02:15",7,"35.30"
149,"2023-07-27 16:08:40","2023-07-27 16:38:40","2023-07-27 16:38:40",3,"74.40"
150,"2023-09-15 04:01:35","2023-09-15 04:31:35",,9,"98.18"
151,"2023-09-27 20:16:34","2023-09-27 20:46:34","2023-09-27 20:46:34",9,"77.13"
152,"2023-03-07 18:32:17","2023-03-07 19:02:17","2023-03-07 19:02:17",8,"55.36"
153,"2023-09-03 01:12:58","2023-09-03 01:42:58","2023-09-03 01:42:58",9,"56.26"
154,"2023-01-05 06:58:56","2023-01-05 07:28:56","2023-01-05 07:28:56",6,"71.56"
155,"2023-10-13 08:54:27","2023-10-13 09:24:27","2023-10-13 09:24:27",9,"33.35"
156,"2023-05-13 23:35:39","2023-05-14 00:05:39","2023-05-14 00:05:39",2,"59.29"
157,"2023-04-02 20:02:31","2023-04-02 20:32:31","2023-04-02 20:32:31",10,"25.97"
158,"2023-11-29 15:07:15","2023-11-29 15:37:15","2023-11-29 15:37:15",4,"69.10"
159,"2023-12-12 15:18:01","2023-12-12 15:48:01","2023-12-12 15:48:01",8,"62.75"
160,"2023-11-29 04:36:58","2023-11-29 05:06:58","2023-11-29 05:06:58",10,"58.97"
161,"2023-08-09 11:34:48","2023-08-09 12:04:48","2023-08-09 12:04:48",2,"56.90"
162,"2023-12-06 15:56:12","2023-12-06 16:26:12","2023-12-06 16:26:12",2,"21.20"
163,"2023-12-19 14:25:05","2023-12-19 14:55:05","2023-12-19 14:55:05",9,"26.05"
164,"2023-11-08 07:15:37","2023-11-08 07:45:37","2023-11-08 07:45:37",7,"96.30"
165,"2023-09-26 21:55:22","2023-09-26 22:25:22","2023-09-26 22:25:22",7,"60.89"
166,"2023-06-09 05:22:48","2023-06-09 05:52:48","2023-06-09 05:52:48",10,"89.14"
167,"2023-09-16 06:27:41","2023-09-16 06:57:41","2023-09-16 06:57:41",5,"50.45"
168,"2023-03-15 18:06:52","2023-03-15 18:36:52",,6,"56.24"
169,"2023-04-28 19:07:29","2023-04-28 19:37:29","2023-04-28 19:37:29",6,"20.51"
170,"2023-02-18 03:54:45","2023-02-18 04:24:45","2023-02-18 04:24:45",8,"54.59"
171,"2023-11-27 09:02:46","2023-11-27 09:32:46","2023-11-27 09:32:46",9,"85.63"
172,"2023-04-12 06:00:22","2023-04-12 06:30:22","2023-04-12 06:30:22",2,"39.53"
173,"2023-05-28 07:00:28","2023-05-28 07:30:28","2023-05-28 07:30:28",7,"71.08"
174,"2023-05-05 15:39:29","2023-05-05 16:09:29","2023-05-05 16:09:29",7,"64.24"
175,"2023-05-31 00:39:07","2023-05-31 01:09:07","2023-05-31 01:09:07",7,"43.21"
176,"2023-10-24 00:39:25","2023-10-24 01:09:25","2023-10-24 01:09:25",1,"97.41"
177,"2023-12-18 11:25:51","2023-12-18 11:55:51","2023-12-18 11:55:51",3,"45.04"
178,"2023-01-08 09:08:55","2023-01-08 09:38:55",,2,"20.27"
179,"2023-04-30 05:03:03","2023-04-30 05:33:03","2023-04-30 05:33:03",3,"72.41"
180,"2023-07-31 00:59:33","2023-07-31 01:29:33","2023-07-31 01:36:33",3,"87.24"
181,"2023-09-24 01:37:21","2023-09-24 02:07:21","2023-09-24 02:14:21",8,"76.15"
182,"2023-03-10 11:01:50","2023-03-10 11:31:50","2023-03-10 11:38:50",3,"62.33"
183,"2023-08-31 02:50:19","2023-08-31 03:20:19","2023-08-31 03:27:19",7,"62.54"
184,"2023-10-08 08:24:58","2023-10-08 08:54:58","2023-10-08 09:01:58",4,"49.81"
185,"2023-08-25 13:30:56","2023-08-25 14:00:56","2023-08-25 14:07:56",3,"91.61"
186,"2023-03-20 21:50:04","2023-03-20 22:20:04","2023-03-20 22:27:04",4,"45.56"
187,"2023-09-16 10:35:54","2023-09-16 11:05:54","2023-09-16 11:12:54",4,"20.00"
188,"2023-07-14 10:30:50","2023-07-14 11:00:50","2023-07-14 11:07:50",4,"64.37"
189,"2023-10-31 09:30:41","2023-10-31 10:00:41","2023-10-31 10:07:41",2,"31.74"
190,"2023-04-15 10:27:52","2023-04-15 10:57:52","2023-04-15 11:04:52",1,"63.59"
191,"2023-11-01 23:48:28","2023-11-02 00:18:28","2023-11-02 00:18:28",3,"45.25"
192,"2023-01-05 22:39:32","2023-01-05 23:09:32","2023-01-05 23:09:32",9,"92.15"
193,"2023-07-28 14:36:20","2023-07-28 15:06:20","2023-07-28 15:06:20",2,"96.53"
194,"2023-04-03 01:09:39","2023-04-03 01:39:39","2023-04-03 01:39:39",10,"69.85"
195,"2023-03-01 11:42:56","2023-03-01 12:12:56","2023-03-01 12:12:56",5,"22.31"
196,"2023-11-14 00:16:28","2023-11-14 00:46:28","2023-11-14 00:46:28",2,"95.03"
197,"2023-06-14 22:20:42","2023-06-14 22:50:42","2023-06-14 22:50:42",9,"91.23"
198,"2023-10-31 02:56:28","2023-10-31 03:26:28","2023-10-31 03:26:28",7,"26.28"
199,"2023-04-29 15:42:59","2023-04-29 16:12:59","2023-04-29 16:12:59",6,"40.41"
200,"2023-12-18 11:24:24","2023-12-18 11:54:24","2023-12-18 11:54:24",1,"54.61"
201,"2023-08-21 14:27:38","2023-08-21 14:57:38","2023-08-21 14:57:38",7,"74.33"
202,"2023-12-24 13:41:57","2023-12-24 14:11:57","2023-12-24 14:11:57",6,"68.39"
203,"2023-08-20 03:02:22","2023-08-20 03:32:22","2023-08-20 03:32:22",5,"42.55"
204,"2023-06-11 15:33:55","2023-06-11 16:03:55","2023-06-11 16:03:55",10,"86.36"
205,"2023-09-13 14:41:27","2023-09-13 15:11:27","2023-09-13 15:11:27",2,"69.15"
206,"2023-09-16 22:53:59","2023-09-16 23:23:59",,8,"74.47"
207,"2023-01-09 17:39:21","2023-01-09 18:09:21","2023-01-09 18:09:21",5,"99.64"
208,"2023-03-12 17:44:34","2023-03-12 18:14:34","2023-03-12 18:14:34",3,"27.19"
209,"2023-09-30 20:59:19","2023-09-30 21:29:19","2023-09-30 21:29:19",5,"23.16"
210,"2023-12-17 18:28:32","2023-12-17 18:58:32","2023-12-17 18:58:32",3,"59.71"
211,"2023-09-16 16:45:02","2023-09-16 17:15:02",,1,"26.10"
212,"2023-04-04 14:32:52","2023-04-04 15:02:52","2023-04-04 15:02:52",4,"77.07"
213,"2023-05-04 01:35:45","2023-05-04 02:05:45","2023-05-04 02:05:45",3,"31.44"
214,"2023-01-20 20:09:24","2023-01-20 20:39:24","2023-01-20 20:39:24",5,"86.90"
215,"2023-01-30 05:30:14","2023-01-30 06:00:14","2023-01-30 06:00:14",1,"52.81"
216,"2023-11-19 22:42:20","2023-11-19 23:12:20","2023-11-19 23:12:20",3,"93.66"
217,"2023-09-09 00:01:48","2023-09-09 00:31:48","2023-09-09 00:31:48",1,"30.63"
218,"2023-04-25 23:00:01","2023-04-25 23:30:01","2023-04-25 23:30:01",3,"39.80"
219,"2023-06-26 22:35:16","2023-06-26 23:05:16","2023-06-26 23:05:16",7,"40.57"
220,"2023-10-17 17:27:35","2023-10-17 17:57:35",,2,"80.09"
221,"2023-02-27 19:13:33","2023-02-27 19:43:33","2023-02-27 19:43:33",5,"54.65"
222,"2023-08-19 02:17:27","2023-08-19 02:47:27","2023-08-19 02:47:27",6,"73.98"
223,"2023-09-08 10:28:48","2023-09-08 10:58:48","2023-09-08 10:58:48",3,"61.09"
224,"2023-08-26 23:29:39","2023-08-26 23:59:39","2023-08-26 23:59:39",8,"93.28"
225,"2023-10-22 23:55:12","2023-10-23 00:25:12","2023-10-23 00:25:12",10,"40.20"
226,"2023-04-16 05:46:19","2023-04-16 06:16:19","2023-04-16 06:16:19",2,"43.04"
227,"2023-11-24 00:41:26","2023-11-24 01:11:26","2023-11-24 01:11:26",8,"69.67"
228,"2023-09-29 06:03:43","2023-09-29 06:33:43","2023-09-29 06:33:43",6,"21.81"
229,"2023-05-15 14:17:55","2023-05-15 14:47:55","2023-05-15 14:47:55",7,"36.57"
230,"2023-09-23 06:36:58","2023-09-23 07:06:58","2023-09-23 07:06:58",4,"66.09"
231,"2023-11-27 00:37:00","2023-11-27 01:07:00","2023-11-27 01:07:00",10,"37.56"
232,"2023-07-30 01:01:10","2023-07-30 01:31:10","2023-07-30 01:31:10",4,"77.66"
233,"2023-07-28 06:51:32","2023-07-28 07:21:32","2023-07-28 07:21:32",8,"83.41"
234,"2023-09-07 14:01:33","2023-09-07 14:31:33","2023-09-07 14:31:33",8,"23.44"
235,"2023-01-25 05:26:39","2023-01-25 05:56:39",,3,"58.97"
236,"2023-02-04 10:08:36","2023-02-04 10:38:36","2023-02-04 10:38:36",7,"36.23"
237,"2023-02-03 08:46:02","2023-02-03 09:16:02","2023-02-03 09:16:02",5,"34.55"
238,"2023-10-23 09:57:23","2023-10-23 10:27:23","2023-10-23 10:27:23",8,"42.76"
239,"2023-08-28 16:05:25","2023-08-28 16:35:25","2023-08-28 16:35:25",5,"87.45"
240,"2023-06-12 20:18:03","2023-06-12 20:48:03","2023-06-12 20:48:03",8,"99.46"
241,"2023-11-17 08:24:52","2023-11-17 08:54:52","2023-11-17 08:54:52",2,"30.88"
242,"2023-10-03 19:30:43","2023-10-03 20:00:43","2023-10-03 20:00:43",6,"77.97"
243,"2023-01-06 10:28:50","2023-01-06 10:58:50","2023-01-06 10:58:50",2,"78.09"
244,"2023-02-11 00:31:37","2023-02-11 01:01:37","2023-02-11 01:01:37",9,"49.02"
245,"2023-09-21 08:49:00","2023-09-21 09:19:00","2023-09-21 09:19:00",5,"70.71"
246,"2023-02-11 10:46:27","2023-02-11 11:16:27","2023-02-11 11:16:27",5,"92.29"
247,"2023-11-01 13:33:42","2023-11-01 14:03:42","2023-11-01 14:03:42",1,"57.11"
248,"2023-09-21 10:27:01","2023-09-21 10:57:01","2023-09-21 10:57:01",6,"63.71"
249,"2023-05-11 20:57:51","2023-05-11 21:27:51","2023-05-11 21:27:51",4,"91.06"
250,"2023-03-25 00:01:53","2023-03-25 00:31:53","2023-03-25 00:31:53",10,"91.24"
251,"2023-11-13 21:02:08","2023-11-13 21:32:08","2023-11-13 21:32:08",7,"34.23"
252,"2023-08-01 00:16:51","2023-08-01 00:46:51","2023-08-01 00:46:51",10,"20.19"
253,"2023-05-01 00:46:30","2023-05-01 01:16:30","2023-05-01 01:16:30",2,"98.80"
254,"2023-11-22 07:35:17","2023-11-22 08:05:17","2023-11-22 08:20:17",5,"33.70"
255,"2023-10-10 15:23:40","2023-10-10 15:53:40","2023-10-10 16:08:40",1,"83.28"
256,"2023-07-01 06:52:26","2023-07-01 07:22:26","2023-07-01 07:37:26",1,"71.26"
257,"2023-11-05 05:53:03","2023-11-05 06:23:03","2023-11-05 06:38:03",7,"88.87"
258,"2023-03-08 06:19:48","2023-03-08 06:49:48","2023-03-08 07:04:48",3,"84.02"
259,"2023-09-05 04:35:08","2023-09-05 05:05:08","2023-09-05 05:20:08",10,"58.85"
260,"2023-12-10 09:34:08","2023-12-10 10:04:08","2023-12-10 10:19:08",8,"31.83"
261,"2023-08-18 16:34:16","2023-08-18 17:04:16","2023-08-18 17:19:16",8,"97.05"
262,"2023-02-19 04:45:16","2023-02-19 05:15:16","2023-02-19 05:30:16",9,"47.87"
263,"2023-11-19 04:49:16","2023-11-19 05:19:16","2023-11-19 05:34:16",1,"62.22"
264,"2023-08-14 15:27:31","2023-08-14 15:57:31","2023-08-14 16:12:31",8,"27.24"
265,"2023-09-10 16:11:39","2023-09-10 16:41:39","2023-09-10 16:56:39",7,"31.67"
266,"2023-06-02 04:07:21","2023-06-02 04:37:21","2023-06-02 04:37:21",4,"28.22"
267,"2023-11-19 04:09:44","2023-11-19 04:39:44",,7,"33.40"
268,"2023-04-23 07:15:35","2023-04-23 07:45:35","2023-04-23 07:45:35",1,"97.32"
269,"2023-03-10 01:29:57","2023-03-10 01:59:57",,10,"36.77"
270,"2023-08-01 06:17:37","2023-08-01 06:47:37","2023-08-01 06:47:37",3,"57.90"
271,"2023-12-13 21:55:40","2023-12-13 22:25:40","2023-12-13 22:25:40",5,"75.97"
272,"2023-01-16 01:55:57","2023-01-16 02:25:57","2023-01-16 02:25:57",7,"74.27"
273,"2023-12-04 15:49:59","2023-12-04 16:19:59","2023-12-04 16:19:59",5,"89.94"
274,"2023-04-22 19:46:41","2023-04-22 20:16:41","2023-04-22 20:16:41",1,"23.19"
275,"2023-06-22 11:25:43","2023-06-22 11:55:43","2023-06-22 11:55:43",2,"63.98"
276,"2023-04-03 01:51:37","2023-04-03 02:21:37","2023-04-03 02:21:37",9,"39.18"
277,"2023-08-03 01:53:13","2023-08-03 02:23:13","2023-08-03 02:23:13",1,"95.82"
278,"2023-01-04 07:52:17","2023-01-04 08:22:17","2023-01-04 08:22:17",4,"72.79"
279,"2023-10-27 14:23:11","2023-10-27 14:53:11","2023-10-27 14:53:11",10,"52.15"
280,"2023-09-28 16:56:29","2023-09-28 17:26:29","2023-09-28 17:26:29",9,"86.32"
281,"2023-05-02 08:07:54","2023-05-02 08:37:54","2023-05-02 08:37:54",5,"61.38"
282,"2023-02-14 05:57:12","2023-02-14 06:27:12","2023-02-14 06:27:12",9,"42.23"
283,"2023-07-07 11:47:44","2023-07-07 12:17:44","2023-07-07 12:17:44",9,"77.67"
284,"2023-06-27 00:51:30","2023-06-27 01:21:30","2023-06-27 01:21:30",10,"85.22"
285,"2023-10-18 23:28:43","2023-10-18 23:58:43","2023-10-18 23:58:43",8,"64.30"
286,"2023-02-04 05:46:09","2023-02-04 06:16:09","2023-02-04 06:16:09",6,"69.90"
287,"2023-11-18 14:05:57","2023-11-18 14:35:57","2023-11-18 14:35:57",10,"58.38"
288,"2023-11-16 13:03:53","2023-11-16 13:33:53","2023-11-16 13:33:53",2,"20.89"
289,"2023-11-22 15:59:08","2023-11-22 16:29:08","2023-11-22 16:29:08",5,"33.27"
290,"2023-05-06 10:23:35","2023-05-06 10:53:35","2023-05-06 10:53:35",1,"30.26"
291,"2023-08-28 11:43:36","2023-08-28 12:13:36","2023-08-28 12:13:36",9,"31.05"
292,"2023-12-12 11:01:27","2023-12-12 11:31:27","2023-12-12 11:31:27",10,"84.19"
293,"2023-12-03 04:01:24","2023-12-03 04:31:24","2023-12-03 04:31:24",1,"54.66"
294,"2023-08-07 03:34:51","2023-08-07 04:04:51","2023-08-07 04:04:51",9,"63.45"
295,"2023-10-06 05:07:28","2023-10-06 05:37:28","2023-10-06 05:37:28",1,"73.23"
296,"2023-06-26 17:21:34","2023-06-26 17:51:34","2023-06-26 17:51:34",2,"28.63"
297,"2023-05-05 02:02:16","2023-05-05 02:32:16","2023-05-05 02:32:16",1,"84.13"
298,"2023-10-02 14:04:42","2023-10-02 14:34:42","2023-10-02 14:34:42",6,"72.43"
299,"2023-05-16 02:16:58","2023-05-16 02:46:58","2023-05-16 02:46:58",3,"52.78"
300,"2023-08-29 07:19:16","2023-08-29 07:49:16","2023-08-29 07:49:16",2,"61.49"
301,"2023-08-27 12:31:14","2023-08-27 13:01:14","2023-08-27 13:01:14",7,"99.85"
302,"2023-07-07 06:26:49","2023-07-07 06:56:49","2023-07-07 06:56:49",6,"52.18"
303,"2023-01-22 08:23:20","2023-01-22 08:53:20","2023-01-22 08:53:20",3,"29.18"
304,"2023-10-16 01:02:17","2023-10-16 01:32:17","2023-10-16 01:32:17",1,"47.23"
305,"2023-08-18 04:59:40","2023-08-18 05:29:40","2023-08-18 05:29:40",6,"64.42"
306,"2023-07-12 00:45:58","2023-07-12 01:15:58","2023-07-12 01:15:58",5,"37.30"
307,"2023-10-02 08:58:17","2023-10-02 09:28:17","2023-10-02 09:28:17",1,"76.15"
308,"2023-04-06 15:01:23","2023-04-06 15:31:23","2023-04-06 15:31:23",8,"71.38"
309,"2023-06-13 07:02:09","2023-06-13 07:32:09","2023-06-13 07:32:09",2,"75.80"
310,"2023-02-26 07:51:12","2023-02-26 08:21:12","2023-02-26 08:21:12",5,"41.84"
311,"2023-03-09 16:53:04","2023-03-09 17:23:04","2023-03-09 17:23:04",8,"36.11"
312,"2023-11-19 01:35:29","2023-11-19 02:05:29","2023-11-19 02:05:29",2,"83.31"
313,"2023-02-27 02:59:33","2023-02-27 03:29:33","2023-02-27 03:29:33",6,"41.64"
314,"2023-11-06 03:00:38","2023-11-06 03:30:38","2023-11-06 03:30:38",5,"83.08"
315,"2023-02-23 12:05:25","2023-02-23 12:35:25","2023-02-23 12:35:25",6,"20.97"
316,"2023-10-21 23:05:40","2023-10-21 23:35:40","2023-10-21 23:35:40",2,"21.57"
317,"2023-10-11 10:22:31","2023-10-11 10:52:31","2023-10-11 10:52:31",9,"88.91"
318,"2023-03-06 00:56:09","2023-03-06 01:26:09","2023-03-06 01:26:09",6,"41.62"
319,"2023-11-05 00:00:57","2023-11-05 00:30:57","2023-11-05 00:30:57",4,"77.90"
320,"2023-08-13 21:56:52","2023-08-13 22:26:52","2023-08-13 22:26:52",4,"83.59"
321,"2023-07-07 17:40:58","2023-07-07 18:10:58","2023-07-07 18:10:58",8,"75.35"
322,"2023-08-27 05:39:58","2023-08-27 06:09:58","2023-08-27 06:09:58",4,"26.60"
323,"2023-12-04 09:45:49","2023-12-04 10:15:49","2023-12-04 10:15:49",1,"64.54"
324,"2023-08-26 15:07:26","2023-08-26 15:37:26","2023-08-26 15:37:26",7,"39.49"
325,"2023-06-22 13:32:50","2023-06-22 14:02:50","2023-06-22 14:02:50",10,"95.82"
326,"2023-05-12 01:35:35","2023-05-12 02:05:35","2023-05-12 02:05:35",8,"68.27"
327,"2023-06-30 11:20:51","2023-06-30 11:50:51","2023-06-30 11:50:51",2,"32.92"
328,"2023-08-21 17:16:49","2023-08-21 17:46:49","2023-08-21 17:46:49",7,"60.78"
329,"2023-10-13 19:32:43","2023-10-13 20:02:43","2023-10-13 20:02:43",7,"99.34"
330,"2023-10-18 03:50:41","2023-10-18 04:20:41",,10,"94.78"
331,"2023-10-07 20:52:59","2023-10-07 21:22:59","2023-10-07 21:22:59",2,"95.61"
332,"2023-07-21 13:56:30","2023-07-21 14:26:30","2023-07-21 14:26:30",5,"23.85"
333,"2023-12-14 11:04:28","2023-12-14 11:34:28","2023-12-14 11:34:28",1,"81.41"
334,"2023-05-10 07:22:01","2023-05-10 07:52:01","2023-05-10 07:52:01",10,"65.83"
335,"2023-05-21 11:02:44","2023-05-21 11:32:44","2023-05-21 11:32:44",2,"94.17"
336,"2023-01-05 06:48:35","2023-01-05 07:18:35","2023-01-05 07:18:35",9,"75.13"
337,"2023-06-09 01:31:31","2023-06-09 02:01:31","2023-06-09 02:01:31",7,"21.98"
338,"2023-08-13 06:02:57","2023-08-13 06:32:57","2023-08-13 06:32:57",4,"67.26"
339,"2023-09-01 21:57:30","2023-09-01 22:27:30","2023-09-01 22:27:30",3,"76.62"
340,"2023-04-05 00:49:20","2023-04-05 01:19:20","2023-04-05 01:19:20",9,"65.35"
341,"2023-06-13 15:54:06","2023-06-13 16:24:06","2023-06-13 16:24:06",7,"89.85"
342,"2023-07-24 13:49:37","2023-07-24 14:19:37","2023-07-24 14:19:37",5,"57.86"
343,"2023-04-16 17:43:02","2023-04-16 18:13:02","2023-04-16 18:13:02",3,"32.57"
344,"2023-05-04 12:26:06","2023-05-04 12:56:06","2023-05-04 12:56:06",6,"40.00"
345,"2023-02-19 20:29:16","2023-02-19 20:59:16",,5,"45.22"
346,"2023-11-01 05:26:06","2023-11-01 05:56:06","2023-11-01 05:56:06",2,"69.42"
347,"2023-08-07 12:45:59","2023-08-07 13:15:59",,7,"57.92"
348,"2023-01-29 22:36:11","2023-01-29 23:06:11","2023-01-29 23:06:11",6,"85.45"
349,"2023-08-10 08:07:24","2023-08-10 08:37:24","2023-08-10 08:37:24",2,"67.63"
350,"2023-01-21 02:17:51","2023-01-21 02:47:51","2023-01-21 02:47:51",1,"29.18"
351,"2023-08-01 18:05:03","2023-08-01 18:35:03","2023-08-01 18:35:03",3,"85.10"
352,"2023-09-15 17:00:01","2023-09-15 17:30:01",,8,"54.59"
353,"2023-03-10 14:27:25","2023-03-10 14:57:25","2023-03-10 14:57:25",8,"64.17"
354,"2023-01-30 22:52:48","2023-01-30 23:22:48","2023-01-30 23:22:48",5,"76.92"
355,"2023-05-02 04:04:07","2023-05-02 04:34:07","2023-05-02 04:34:07",2,"39.69"
356,"2023-06-02 18:08:21","2023-06-02 18:38:21","2023-06-02 18:38:21",10,"70.82"
357,"2023-04-20 08:07:13","2023-04-20 08:37:13","2023-04-20 08:37:13",1,"61.24"
358,"2023-05-27 10:38:03","2023-05-27 11:08:03","2023-05-27 11:08:03",7,"95.99"
359,"2023-11-07 03:44:17","2023-11-07 04:14:17","2023-11-07 04:14:17",10,"35.94"
360,"2023-07-02 05:40:58","2023-07-02 06:10:58","2023-07-02 06:10:58",2,"75.14"
361,"2023-04-27 15:15:59","2023-04-27 15:45:59","2023-04-27 15:45:59",1,"99.50"
362,"2023-04-25 00:46:16","2023-04-25 01:16:16","2023-04-25 01:16:16",3,"22.38"
363,"2023-10-23 09:54:57","2023-10-23 10:24:57","2023-10-23 10:24:57",2,"99.90"
364,"2023-08-28 08:29:03","2023-08-28 08:59:03","2023-08-28 08:59:03",1,"35.66"
365,"2023-03-12 22:36:28","2023-03-12 23:06:28","2023-03-12 23:06:28",7,"88.86"
366,"2023-11-29 12:29:40","2023-11-29 12:59:40","2023-11-29 12:59:40",8,"99.40"
367,"2023-12-17 02:45:36","2023-12-17 03:15:36","2023-12-17 03:15:36",1,"39.65"
368,"2023-04-06 05:52:28","2023-04-06 06:22:28","2023-04-06 06:22:28",9,"70.91"
369,"2023-07-16 16:56:22","2023-07-16 17:26:22","2023-07-16 17:26:22",6,"39.37"
370,"2023-06-07 00:03:17","2023-06-07 00:33:17","2023-06-07 00:33:17",7,"50.21"
371,"2023-01-02 05:25:24","2023-01-02 05:55:24","2023-01-02 05:55:24",1,"71.57"
372,"2023-01-22 09:17:48","2023-01-22 09:47:48","2023-01-22 09:47:48",8,"30.41"
373,"2023-02-05 13:27:33","2023-02-05 13:57:33","2023-02-05 13:57:33",1,"98.53"
374,"2023-02-12 13:43:23","2023-02-12 14:13:23","2023-02-12 14:13:23",3,"70.59"
375,"2023-08-16 10:57:04","2023-08-16 11:27:04","2023-08-16 11:27:04",6,"53.18"
376,"2023-08-13 15:32:04","2023-08-13 16:02:04",,2,"85.07"
377,"2023-01-15 06:16:20","2023-01-15 06:46:20","2023-01-15 06:46:20",7,"46.42"
378,"2023-11-10 18:23:08","2023-11-10 18:53:08","2023-11-10 18:53:08",3,"94.59"
379,"2023-09-11 01:06:21","2023-09-11 01:36:21","2023-09-11 01:36:21",7,"70.16"
380,"2023-08-09 19:26:18","2023-08-09 19:56:18","2023-08-09 19:56:18",3,"93.51"
381,"2023-12-11 08:21:10","2023-12-11 08:51:10","2023-12-11 08:51:10",4,"90.59"
382,"2023-06-10 21:22:36","2023-06-10 21:52:36","2023-06-10 21:52:36",5,"44.55"
383,"2023-05-03 21:07:15","2023-05-03 21:37:15","2023-05-03 21:37:15",8,"59.34"
384,"2023-05-17 11:48:27","2023-05-17 12:18:27","2023-05-17 12:18:27",2,"43.11"
385,"2023-08-05 10:22:47","2023-08-05 10:52:47","2023-08-05 10:52:47",3,"66.48"
386,"2023-03-11 19:18:53","2023-03-11 19:48:53","2023-03-11 19:48:53",3,"64.88"
387,"2023-12-24 06:00:55","2023-12-24 06:30:55","2023-12-24 06:30:55",2,"90.22"
388,"2023-12-01 06:51:33","2023-12-01 07:21:33","2023-12-01 07:21:33",5,"57.69"
389,"2023-09-25 19:15:11","2023-09-25 19:45:11","2023-09-25 19:45:11",4,"53.52"
390,"2023-05-20 17:00:47","2023-05-20 17:30:47","2023-05-20 17:30:47",2,"96.14"
391,"2023-08-24 22:30:55","2023-08-24 23:00:55","2023-08-24 23:00:55",6,"32.09"
392,"2023-02-14 13:05:47","2023-02-14 13:35:47","2023-02-14 13:35:47",7,"82.28"
393,"2023-05-11 23:59:41","2023-05-12 00:29:41","2023-05-12 00:29:41",2,"64.37"
394,"2023-01-18 12:16:43","2023-01-18 12:46:43","2023-01-18 12:46:43",10,"99.86"
395,"2023-08-04 13:50:29","2023-08-04 14:20:29","2023-08-04 14:20:29",8,"22.37"
396,"2023-05-19 12:09:48","2023-05-19 12:39:48","2023-05-19 12:39:48",8,"55.29"
397,"2023-05-17 17:37:09","2023-05-17 18:07:09","2023-05-17 18:07:09",8,"60.94"
398,"2023-09-26 23:53:05","2023-09-27 00:23:05","2023-09-27 00:23:05",2,"82.71"
399,"2023-04-16 03:54:18","2023-04-16 04:24:18","2023-04-16 04:24:18",3,"79.60"
400,"2023-02-08 07:32:26","2023-02-08 08:02:26","2023-02-08 08:02:26",3,"48.78"
401,"2023-06-02 20:30:44","2023-06-02 21:00:44","2023-06-02 21:00:44",7,"87.37"
402,"2023-12-10 08:01:05","2023-12-10 08:31:05","2023-12-10 08:31:05",1,"85.63"
403,"2023-11-02 21:26:50","2023-11-02 21:56:50","2023-11-02 21:56:50",9,"71.50"
404,"2023-10-25 12:26:15","2023-10-25 12:56:15","2023-10-25 12:56:15",10,"73.00"
405,"2023-05-08 01:09:16","2023-05-08 01:39:16","2023-05-08 01:39:16",3,"21.35"
406,"2023-09-24 11:46:11","2023-09-24 12:16:11","2023-09-24 12:16:11",5,"52.37"
407,"2023-08-03 07:42:43","2023-08-03 08:12:43","2023-08-03 08:12:43",10,"90.04"
408,"2023-03-21 11:30:04","2023-03-21 12:00:04","2023-03-21 12:00:04",5,"49.04"
409,"2023-12-06 20:21:04","2023-12-06 20:51:04","2023-12-06 20:51:04",8,"50.53"
410,"2023-10-10 19:49:16","2023-10-10 20:19:16","2023-10-10 20:19:16",4,"94.28"
411,"2023-05-10 01:32:58","2023-05-10 02:02:58","2023-05-10 02:02:58",1,"33.14"
412,"2023-08-13 06:43:18","2023-08-13 07:13:18","2023-08-13 07:13:18",3,"61.58"
413,"2023-10-29 08:31:58","2023-10-29 09:01:58","2023-10-29 09:01:58",2,"56.42"
414,"2023-09-20 17:26:33","2023-09-20 17:56:33","2023-09-20 17:56:33",7,"43.09"
415,"2023-10-14 16:03:51","2023-10-14 16:33:51","2023-10-14 16:33:51",7,"46.46"
416,"2023-04-10 10:51:25","2023-04-10 11:21:25","2023-04-10 11:21:25",3,"40.00"
417,"2023-01-26 04:00:09","2023-01-26 04:30:09","2023-01-26 04:30:09",6,"23.23"
418,"2023-11-17 06:03:25","2023-11-17 06:33:25","2023-11-17 06:33:25",6,"51.52"
419,"2023-05-07 04:16:21","2023-05-07 04:46:21","2023-05-07 04:46:21",7,"24.77"
420,"2023-02-08 18:57:05","2023-02-08 19:27:05","2023-02-08 19:27:05",1,"76.84"
421,"2023-01-15 06:30:09","2023-01-15 07:00:09","2023-01-15 07:00:09",6,"55.60"
422,"2023-07-14 18:52:23","2023-07-14 19:22:23","2023-07-14 19:22:23",4,"76.23"
423,"2023-10-06 10:35:37","2023-10-06 11:05:37","2023-10-06 11:05:37",4,"74.83"
424,"2023-10-11 01:21:58","2023-10-11 01:51:58","2023-10-11 01:51:58",4,"55.54"
425,"2023-12-23 11:47:24","2023-12-23 12:17:24","2023-12-23 12:17:24",4,"74.36"
426,"2023-05-10 15:36:49","2023-05-10 16:06:49","2023-05-10 16:06:49",5,"98.59"
427,"2023-06-08 23:33:51","2023-06-09 00:03:51","2023-06-09 00:03:51",1,"73.02"
428,"2023-01-21 19:36:34","2023-01-21 20:06:34","2023-01-21 20:06:34",5,"33.38"
429,"2023-10-10 13:11:22","2023-10-10 13:41:22","2023-10-10 13:41:22",3,"87.28"
430,"2023-02-13 15:37:09","2023-02-13 16:07:09","2023-02-13 16:07:09",9,"61.36"
431,"2023-02-06 00:55:49","2023-02-06 01:25:49","2023-02-06 01:25:49",2,"28.18"
432,"2023-08-09 00:26:30","2023-08-09 00:56:30","2023-08-09 00:56:30",9,"32.84"
433,"2023-02-03 01:09:21","2023-02-03 01:39:21","2023-02-03 01:39:21",4,"85.97"
434,"2023-10-26 09:56:17","2023-10-26 10:26:17","2023-10-26 10:26:17",3,"25.58"
435,"2023-07-10 13:50:50","2023-07-10 14:20:50","2023-07-10 14:20:50",3,"83.85"
436,"2023-09-01 15:09:55","2023-09-01 15:39:55","2023-09-01 15:39:55",4,"64.72"
437,"2023-08-26 04:48:42","2023-08-26 05:18:42","2023-08-26 05:18:42",7,"66.10"
438,"2023-05-20 11:03:35","2023-05-20 11:33:35","2023-05-20 11:33:35",7,"45.95"
439,"2023-04-30 01:25:47","2023-04-30 01:55:47","2023-04-30 01:55:47",2,"49.32"
440,"2023-05-29 12:12:56","2023-05-29 12:42:56","2023-05-29 12:42:56",7,"33.43"
441,"2023-01-24 12:04:22","2023-01-24 12:34:22","2023-01-24 12:34:22",5,"29.74"
442,"2023-10-31 10:40:38","2023-10-31 11:10:38","2023-10-31 11:10:38",3,"87.27"
443,"2023-08-13 22:11:20","2023-08-13 22:41:20","2023-08-13 22:43:20",10,"91.84"
444,"2023-05-14 17:43:19","2023-05-14 18:13:19","2023-05-14 18:15:19",10,"95.23"
445,"2023-01-13 23:40:57","2023-01-14 00:10:57","2023-01-14 00:12:57",6,"27.70"
446,"2023-06-13 16:25:02","2023-06-13 16:55:02","2023-06-13 16:57:02",4,"22.06"
447,"2023-04-02 17:29:04","2023-04-02 17:59:04","2023-04-02 18:01:04",10,"45.73"
448,"2023-04-29 00:16:47","2023-04-29 00:46:47","2023-04-29 00:48:47",8,"44.27"
449,"2023-11-26 03:45:54","2023-11-26 04:15:54","2023-11-26 04:17:54",3,"67.98"
450,"2023-07-07 19:03:08","2023-07-07 19:33:08","2023-07-07 19:35:08",1,"57.25"
451,"2023-08-07 20:14:02","2023-08-07 20:44:02","2023-08-07 20:46:02",7,"25.21"
452,"2023-02-17 18:52:28","2023-02-17 19:22:28","2023-02-17 19:24:28",4,"86.87"
453,"2023-01-06 09:45:54","2023-01-06 10:15:54","2023-01-06 10:17:54",5,"70.61"
454,"2023-01-21 21:24:12","2023-01-21 21:54:12","2023-01-21 21:56:12",6,"56.88"
455,"2023-11-25 16:30:44","2023-11-25 17:00:44","2023-11-25 17:02:44",7,"87.35"
456,"2023-09-23 14:02:52","2023-09-23 14:32:52","2023-09-23 14:34:52",4,"32.59"
457,"2023-11-24 23:03:11","2023-11-24 23:33:11","2023-11-24 23:35:11",8,"33.73"
458,"2023-02-10 08:49:49","2023-02-10 09:19:49","2023-02-10 09:21:49",8,"57.85"
459,"2023-05-31 20:35:52","2023-05-31 21:05:52","2023-05-31 21:07:52",4,"52.39"
460,"2023-12-03 23:22:25","2023-12-03 23:52:25","2023-12-03 23:54:25",2,"95.58"
461,"2023-12-30 17:19:39","2023-12-30 17:49:39","2023-12-30 17:51:39",9,"68.78"
462,"2023-05-11 22:22:54","2023-05-11 22:52:54","2023-05-11 22:54:54",3,"21.36"
463,"2023-06-28 10:08:18","2023-06-28 10:38:18","2023-06-28 10:40:18",7,"88.10"
464,"2023-05-14 00:59:05","2023-05-14 01:29:05","2023-05-14 01:31:05",6,"89.55"
465,"2023-10-13 14:15:31","2023-10-13 14:45:31","2023-10-13 14:47:31",4,"21.23"
466,"2023-06-16 23:07:33","2023-06-16 23:37:33","2023-06-16 23:39:33",7,"71.45"
467,"2023-04-09 14:05:01","2023-04-09 14:35:01","2023-04-09 14:37:01",10,"24.81"
468,"2023-10-27 17:01:22","2023-10-27 17:31:22","2023-10-27 17:33:22",5,"97.82"
469,"2023-11-30 15:32:09","2023-11-30 16:02:09","2023-11-30 16:04:09",5,"20.48"
470,"2023-12-06 10:47:17","2023-12-06 11:17:17","2023-12-06 11:19:17",4,"97.52"
471,"2023-02-18 21:40:56","2023-02-18 22:10:56","2023-02-18 22:12:56",1,"49.25"
472,"2023-12-19 20:56:37","2023-12-19 21:26:37","2023-12-19 21:28:37",9,"36.31"
473,"2023-08-24 12:05:56","2023-08-24 12:35:56","2023-08-24 12:37:56",3,"86.24"
474,"2023-12-26 02:14:47","2023-12-26 02:44:47","2023-12-26 02:46:47",3,"70.29"
475,"2023-07-19 02:59:54","2023-07-19 03:29:54","2023-07-19 03:31:54",2,"55.03"
476,"2023-10-23 21:55:36","2023-10-23 22:25:36","2023-10-23 22:25:36",10,"39.76"
477,"2023-12-27 01:49:21","2023-12-27 02:19:21",,6,"39.99"
478,"2023-05-12 23:53:22","2023-05-13 00:23:22","2023-05-13 00:23:22",7,"66.73"
479,"2023-01-29 01:05:51","2023-01-29 01:35:51","2023-01-29 01:35:51",9,"66.96"
480,"2023-12-28 20:31:28","2023-12-28 21:01:28","2023-12-28 21:01:28",10,"93.32"
481,"2023-03-25 18:47:46","2023-03-25 19:17:46","2023-03-25 19:17:46",2,"75.05"
482,"2023-09-21 04:29:26","2023-09-21 04:59:26","2023-09-21 04:59:26",2,"54.26"
483,"2023-08-24 17:06:48","2023-08-24 17:36:48","2023-08-24 17:36:48",3,"20.96"
484,"2023-03-19 02:39:27","2023-03-19 03:09:27","2023-03-19 03:09:27",1,"54.04"
485,"2023-09-18 07:05:45","2023-09-18 07:35:45","2023-09-18 07:35:45",4,"71.42"
486,"2023-04-07 15:08:45","2023-04-07 15:38:45","2023-04-07 15:38:45",1,"93.79"
487,"2023-12-22 11:18:35","2023-12-22 11:48:35","2023-12-22 11:48:35",3,"98.58"
488,"2023-08-06 07:52:57","2023-08-06 08:22:57","2023-08-06 08:22:57",2,"60.52"
489,"2023-11-11 09:15:07","2023-11-11 09:45:07","2023-11-11 09:45:07",3,"29.77"
490,"2023-08-21 02:36:47","2023-08-21 03:06:47","2023-08-21 03:06:47",8,"60.00"
491,"2023-07-26 16:34:41","2023-07-26 17:04:41","2023-07-26 17:04:41",10,"57.77"
492,"2023-07-17 03:58:14","2023-07-17 04:28:14","2023-07-17 04:28:14",1,"35.20"
493,"2023-08-04 16:55:22","2023-08-04 17:25:22","2023-08-04 17:25:22",5,"22.16"
494,"2023-02-24 06:40:25","2023-02-24 07:10:25","2023-02-24 07:10:25",10,"33.17"
495,"2023-08-29 13:32:54","2023-08-29 14:02:54",,9,"89.49"
496,"2023-08-28 06:23:13","2023-08-28 06:53:13","2023-08-28 06:53:13",7,"50.98"
497,"2023-08-03 09:03:39","2023-08-03 09:33:39","2023-08-03 09:33:39",2,"21.20"
498,"2023-10-28 04:36:57","2023-10-28 05:06:57",,7,"69.16"
499,"2023-01-24 23:22:16","2023-01-24 23:52:16","2023-01-24 23:52:16",9,"64.30"
500,"2023-09-25 16:05:08","2023-09-25 16:35:08","2023-09-25 16:35:08",4,"37.59"
501,"2023-02-09 18:56:44","2023-02-09 19:26:44","2023-02-09 19:26:44",4,"95.32"
502,"2023-03-28 04:12:04","2023-03-28 04:42:04","2023-03-28 04:42:04",2,"86.10"
503,"2023-10-03 22:53:19","2023-10-03 23:23:19","2023-10-03 23:23:19",10,"60.64"
504,"2023-06-28 09:06:08","2023-06-28 09:36:08","2023-06-28 09:36:08",8,"63.89"
505,"2023-03-28 12:11:13","2023-03-28 12:41:13","2023-03-28 12:41:13",7,"66.45"
506,"2023-11-01 17:57:43","2023-11-01 18:27:43","2023-11-01 18:27:43",3,"53.75"
507,"2023-07-22 00:48:08","2023-07-22 01:18:08","2023-07-22 01:18:08",5,"63.51"
508,"2023-08-10 20:08:41","2023-08-10 20:38:41","2023-08-10 20:38:41",5,"40.16"
509,"2023-11-16 14:16:15","2023-11-16 14:46:15","2023-11-16 14:46:15",9,"79.82"
510,"2023-03-26 13:07:42","2023-03-26 13:37:42","2023-03-26 13:37:42",6,"89.21"
511,"2023-03-20 00:19:56","2023-03-20 00:49:56","2023-03-20 00:49:56",9,"31.95"
512,"2023-03-23 16:43:52","2023-03-23 17:13:52","2023-03-23 17:13:52",6,"86.72"
513,"2023-05-02 14:38:57","2023-05-02 15:08:57","2023-05-02 15:08:57",1,"30.52"
514,"2023-04-05 07:12:32","2023-04-05 07:42:32","2023-04-05 07:42:32",1,"65.52"
515,"2023-07-12 00:25:14","2023-07-12 00:55:14","2023-07-12 00:55:14",2,"79.43"
516,"2023-10-01 06:15:34","2023-10-01 06:45:34","2023-10-01 06:45:34",1,"27.52"
517,"2023-08-17 21:23:56","2023-08-17 21:53:56","2023-08-17 21:53:56",5,"92.99"
518,"2023-12-04 07:21:42","2023-12-04 07:51:42","2023-12-04 07:51:42",8,"42.29"
519,"2023-12-06 07:51:06","2023-12-06 08:21:06","2023-12-06 08:21:06",9,"45.63"
520,"2023-09-07 06:03:40","2023-09-07 06:33:40",,1,"44.05"
521,"2023-08-13 22:40:45","2023-08-13 23:10:45","2023-08-13 23:10:45",2,"24.98"
522,"2023-09-16 22:11:10","2023-09-16 22:41:10","2023-09-16 22:41:10",1,"33.88"
523,"2023-04-24 19:52:58","2023-04-24 20:22:58","2023-04-24 20:22:58",9,"55.04"
524,"2023-12-02 21:30:05","2023-12-02 22:00:05","2023-12-02 22:00:05",1,"86.03"
525,"2023-11-08 01:21:22","2023-11-08 01:51:22","2023-11-08 01:51:22",7,"85.44"
526,"2023-10-29 02:27:29","2023-10-29 02:57:29",,2,"40.81"
527,"2023-09-07 13:28:12","2023-09-07 13:58:12","2023-09-07 13:58:12",5,"24.92"
528,"2023-08-14 04:45:33","2023-08-14 05:15:33","2023-08-14 05:15:33",1,"60.08"
529,"2023-10-12 16:12:56","2023-10-12 16:42:56","2023-10-12 16:42:56",5,"72.55"
530,"2023-10-27 19:09:37","2023-10-27 19:39:37","2023-10-27 19:39:37",3,"55.31"
531,"2023-10-02 07:13:48","2023-10-02 07:43:48","2023-10-02 07:43:48",5,"68.72"
532,"2023-06-27 05:13:41","2023-06-27 05:43:41",,5,"28.81"
533,"2023-10-06 08:37:36","2023-10-06 09:07:36","2023-10-06 09:07:36",9,"41.19"
534,"2023-03-11 15:02:37","2023-03-11 15:32:37","2023-03-11 15:32:37",4,"52.87"
535,"2023-02-21 12:26:28","2023-02-21 12:56:28","2023-02-21 12:56:28",6,"93.82"
536,"2023-01-13 03:17:24","2023-01-13 03:47:24","2023-01-13 03:47:24",1,"22.95"
537,"2023-02-08 04:23:06","2023-02-08 04:53:06","2023-02-08 04:53:06",7,"60.65"
538,"2023-12-16 03:43:50","2023-12-16 04:13:50","2023-12-16 04:13:50",9,"34.01"
539,"2023-02-09 05:56:24","2023-02-09 06:26:24","2023-02-09 06:26:24",10,"26.85"
540,"2023-12-16 11:34:25","2023-12-16 12:04:25","2023-12-16 12:04:25",7,"64.37"
541,"2023-04-23 07:57:09","2023-04-23 08:27:09","2023-04-23 08:27:09",10,"76.12"
542,"2023-04-30 22:18:45","2023-04-30 22:48:45","2023-04-30 22:48:45",4,"52.81"
543,"2023-10-25 02:37:15","2023-10-25 03:07:15","2023-10-25 03:07:15",9,"74.85"
544,"2023-11-17 02:04:35","2023-11-17 02:34:35","2023-11-17 02:34:35",7,"60.31"
545,"2023-06-26 02:25:16","2023-06-26 02:55:16","2023-06-26 02:55:16",10,"61.77"
546,"2023-06-09 00:58:38","2023-06-09 01:28:38","2023-06-09 01:28:38",1,"87.96"
547,"2023-04-24 02:00:52","2023-04-24 02:30:52","2023-04-24 02:30:52",5,"45.65"
548,"2023-02-28 21:46:02","2023-02-28 22:16:02","2023-02-28 22:16:02",8,"65.61"
549,"2023-03-26 23:45:03","2023-03-27 00:15:03","2023-03-27 00:15:03",7,"75.31"
550,"2023-02-09 02:17:48","2023-02-09 02:47:48","2023-02-09 02:47:48",8,"27.05"
551,"2023-02-28 11:52:25","2023-02-28 12:22:25","2023-02-28 12:22:25",1,"71.99"
552,"2023-08-10 19:04:29","2023-08-10 19:34:29","2023-08-10 19:34:29",2,"90.50"
553,"2023-01-13 16:59:51","2023-01-13 17:29:51","2023-01-13 17:29:51",6,"85.03"
554,"2023-12-12 13:52:16","2023-12-12 14:22:16","2023-12-12 14:22:16",3,"85.02"
555,"2023-08-05 11:41:33","2023-08-05 12:11:33","2023-08-05 12:11:33",6,"67.12"
556,"2023-10-07 12:05:30","2023-10-07 12:35:30","2023-10-07 12:35:30",9,"90.62"
557,"2023-09-12 08:14:46","2023-09-12 08:44:46","2023-09-12 08:44:46",4,"92.77"
558,"2023-03-03 05:23:09","2023-03-03 05:53:09","2023-03-03 05:53:09",7,"23.03"
559,"2023-03-09 20:06:40","2023-03-09 20:36:40","2023-03-09 20:36:40",1,"37.37"
560,"2023-05-04 16:50:31","2023-05-04 17:20:31","2023-05-04 17:33:31",1,"25.35"
561,"2023-09-29 12:06:51","2023-09-29 12:36:51","2023-09-29 12:49:51",10,"79.09"
562,"2023-04-04 02:30:14","2023-04-04 03:00:14","2023-04-04 03:13:14",5,"54.90"
563,"2023-06-30 03:57:19","2023-06-30 04:27:19","2023-06-30 04:40:19",3,"84.47"
564,"2023-03-22 06:50:46","2023-03-22 07:20:46","2023-03-22 07:33:46",8,"35.23"
565,"2023-11-06 16:56:21","2023-11-06 17:26:21","2023-11-06 17:39:21",4,"34.88"
566,"2023-02-15 03:29:04","2023-02-15 03:59:04","2023-02-15 04:12:04",7,"34.18"
567,"2023-11-13 09:02:32","2023-11-13 09:32:32","2023-11-13 09:45:32",5,"98.06"
568,"2023-05-11 19:54:02","2023-05-11 20:24:02","2023-05-11 20:37:02",8,"94.93"
569,"2023-03-24 16:49:58","2023-03-24 17:19:58","2023-03-24 17:19:58",9,"31.46"
570,"2023-05-11 20:49:40","2023-05-11 21:19:40","2023-05-11 21:19:40",3,"70.66"
571,"2023-09-12 21:52:57","2023-09-12 22:22:57","2023-09-12 22:22:57",1,"83.08"
572,"2023-05-05 12:03:43","2023-05-05 12:33:43","2023-05-05 12:33:43",7,"37.42"
573,"2023-03-23 17:05:35","2023-03-23 17:35:35","2023-03-23 17:35:35",3,"80.62"
574,"2023-08-15 08:51:34","2023-08-15 09:21:34","2023-08-15 09:21:34",1,"30.33"
575,"2023-06-25 11:38:54","2023-06-25 12:08:54","2023-06-25 12:08:54",2,"38.86"
576,"2023-02-14 07:50:32","2023-02-14 08:20:32","2023-02-14 08:20:32",3,"56.35"
577,"2023-11-03 12:55:47","2023-11-03 13:25:47",,5,"48.55"
578,"2023-11-24 21:03:05","2023-11-24 21:33:05","2023-11-24 21:33:05",7,"37.58"
579,"2023-07-11 07:02:10","2023-07-11 07:32:10","2023-07-11 07:32:10",10,"36.56"
580,"2023-04-22 20:09:28","2023-04-22 20:39:28","2023-04-22 20:39:28",1,"81.29"
581,"2023-08-27 20:18:51","2023-08-27 20:48:51","2023-08-27 20:48:51",7,"83.12"
582,"2023-06-23 16:03:33","2023-06-23 16:33:33","2023-06-23 16:33:33",1,"66.88"
583,"2023-05-17 09:48:41","2023-05-17 10:18:41","2023-05-17 10:18:41",6,"79.83"
584,"2023-06-24 18:34:55","2023-06-24 19:04:55","2023-06-24 19:04:55",2,"60.21"
585,"2023-02-25 05:13:03","2023-02-25 05:43:03","2023-02-25 05:43:03",7,"74.34"
586,"2023-05-03 09:30:02","2023-05-03 10:00:02","2023-05-03 10:00:02",7,"67.74"
587,"2023-10-11 07:28:08","2023-10-11 07:58:08","2023-10-11 07:58:08",5,"51.07"
588,"2023-05-28 10:47:12","2023-05-28 11:17:12","2023-05-28 11:17:12",10,"50.48"
589,"2023-06-02 19:58:17","2023-06-02 20:28:17","2023-06-02 20:28:17",10,"57.35"
590,"2023-07-04 14:38:19","2023-07-04 15:08:19","2023-07-04 15:08:19",10,"90.80"
591,"2023-08-14 02:18:00","2023-08-14 02:48:00","2023-08-14 02:48:00",10,"90.00"
592,"2023-05-10 07:07:58","2023-05-10 07:37:58","2023-05-10 07:37:58",6,"93.84"
593,"2023-11-30 13:40:23","2023-11-30 14:10:23","2023-11-30 14:10:23",4,"70.03"
594,"2023-01-11 08:38:27","2023-01-11 09:08:27","2023-01-11 09:08:27",6,"41.10"
595,"2023-07-02 23:52:22","2023-07-03 00:22:22","2023-07-03 00:22:22",6,"23.82"
596,"2023-11-06 05:35:04","2023-11-06 06:05:04","2023-11-06 06:05:04",3,"90.97"
597,"2023-08-24 07:20:15","2023-08-24 07:50:15","2023-08-24 07:50:15",3,"96.51"
598,"2023-11-29 14:34:25","2023-11-29 15:04:25",,10,"65.67"
599,"2023-03-12 10:31:39","2023-03-12 11:01:39","2023-03-12 11:01:39",7,"85.62"
600,"2023-03-25 20:57:21","2023-03-25 21:27:21","2023-03-25 21:27:21",9,"74.24"
601,"2023-04-21 18:01:06","2023-04-21 18:31:06","2023-04-21 18:31:06",5,"93.16"
602,"2023-03-01 12:22:54","2023-03-01 12:52:54","2023-03-01 12:52:54",6,"80.13"
603,"2023-10-16 03:11:19","2023-10-16 03:41:19","2023-10-16 03:41:19",6,"44.17"
604,"2023-07-31 14:32:53","2023-07-31 15:02:53","2023-07-31 15:02:53",5,"85.65"
605,"2023-02-11 19:34:03","2023-02-11 20:04:03","2023-02-11 20:04:03",3,"71.79"
606,"2023-06-09 05:52:16","2023-06-09 06:22:16","2023-06-09 06:22:16",4,"32.28"
607,"2023-06-09 03:01:39","2023-06-09 03:31:39","2023-06-09 03:31:39",9,"57.32"
608,"2023-02-24 20:32:44","2023-02-24 21:02:44","2023-02-24 21:02:44",9,"94.35"
609,"2023-11-27 03:05:46","2023-11-27 03:35:46","2023-11-27 03:35:46",9,"32.52"
610,"2023-06-08 15:30:35","2023-06-08 16:00:35","2023-06-08 16:00:35",3,"29.34"
611,"2023-04-23 11:26:52","2023-04-23 11:56:52","2023-04-23 11:56:52",8,"57.56"
612,"2023-12-28 04:46:56","2023-12-28 05:16:56","2023-12-28 05:16:56",10,"51.84"
613,"2023-02-17 15:45:58","2023-02-17 16:15:58","2023-02-17 16:15:58",5,"41.47"
614,"2023-09-05 21:02:34","2023-09-05 21:32:34","2023-09-05 21:32:34",5,"77.30"
615,"2023-04-30 20:02:28","2023-04-30 20:32:28","2023-04-30 20:32:28",3,"20.46"
616,"2023-03-19 13:12:46","2023-03-19 13:42:46","2023-03-19 13:42:46",9,"45.89"
617,"2023-01-05 00:50:25","2023-01-05 01:20:25","2023-01-05 01:20:25",2,"41.51"
618,"2023-10-19 07:28:27","2023-10-19 07:58:27","2023-10-19 07:58:27",3,"83.02"
619,"2023-04-28 14:01:37","2023-04-28 14:31:37","2023-04-28 14:31:37",9,"78.37"
620,"2023-08-12 12:44:06","2023-08-12 13:14:06","2023-08-12 13:14:06",9,"54.79"
621,"2023-12-21 13:09:39","2023-12-21 13:39:39","2023-12-21 13:39:39",3,"93.21"
622,"2023-01-12 08:30:05","2023-01-12 09:00:05","2023-01-12 09:00:05",2,"98.59"
623,"2023-09-22 04:09:03","2023-09-22 04:39:03","2023-09-22 04:39:03",5,"51.67"
624,"2023-05-11 02:27:54","2023-05-11 02:57:54","2023-05-11 02:57:54",10,"38.48"
625,"2023-05-23 12:56:48","2023-05-23 13:26:48","2023-05-23 13:26:48",6,"47.82"
626,"2023-09-30 01:05:32","2023-09-30 01:35:32","2023-09-30 01:35:32",9,"33.29"
627,"2023-10-12 01:01:34","2023-10-12 01:31:34","2023-10-12 01:31:34",2,"84.98"
628,"2023-05-19 07:56:44","2023-05-19 08:26:44","2023-05-19 08:26:44",8,"29.44"
629,"2023-03-27 00:38:41","2023-03-27 01:08:41","2023-03-27 01:08:41",8,"76.43"
630,"2023-04-16 19:30:10","2023-04-16 20:00:10","2023-04-16 20:00:10",2,"37.70"
631,"2023-03-27 08:28:42","2023-03-27 08:58:42","2023-03-27 08:58:42",5,"58.88"
632,"2023-11-30 13:52:03","2023-11-30 14:22:03","2023-11-30 14:22:03",8,"34.31"
633,"2023-08-08 17:23:13","2023-08-08 17:53:13","2023-08-08 17:53:13",9,"37.17"
634,"2023-05-27 01:47:22","2023-05-27 02:17:22","2023-05-27 02:17:22",1,"96.89"
635,"2023-05-24 09:51:10","2023-05-24 10:21:10","2023-05-24 10:21:10",6,"66.85"
636,"2023-09-09 17:26:14","2023-09-09 17:56:14","2023-09-09 17:56:14",7,"60.68"
637,"2023-07-24 02:12:23","2023-07-24 02:42:23","2023-07-24 02:42:23",4,"49.91"
638,"2023-07-31 20:13:46","2023-07-31 20:43:46","2023-07-31 20:43:46",7,"53.56"
639,"2023-01-27 19:43:15","2023-01-27 20:13:15","2023-01-27 20:13:15",5,"24.30"
640,"2023-01-15 15:55:53","2023-01-15 16:25:53","2023-01-15 16:25:53",4,"21.14"
641,"2023-03-31 22:40:36","2023-03-31 23:10:36","2023-03-31 23:10:36",1,"87.75"
642,"2023-03-29 03:24:37","2023-03-29 03:54:37","2023-03-29 03:54:37",8,"27.56"
643,"2023-07-08 16:49:13","2023-07-08 17:19:13","2023-07-08 17:19:13",4,"25.87"
644,"2023-01-21 18:05:24","2023-01-21 18:35:24","2023-01-21 18:35:24",7,"52.94"
645,"2023-06-16 06:51:06","2023-06-16 07:21:06",,8,"43.79"
646,"2023-11-10 06:25:31","2023-11-10 06:55:31","2023-11-10 06:55:31",4,"77.86"
647,"2023-11-24 22:21:17","2023-11-24 22:51:17",,3,"92.95"
648,"2023-06-21 16:23:01","2023-06-21 16:53:01","2023-06-21 16:53:01",1,"79.41"
649,"2023-02-28 11:50:27","2023-02-28 12:20:27","2023-02-28 12:20:27",5,"50.89"
650,"2023-02-04 01:25:00","2023-02-04 01:55:00","2023-02-04 01:55:00",4,"93.43"
651,"2023-07-26 05:37:03","2023-07-26 06:07:03","2023-07-26 06:07:03",7,"88.29"
652,"2023-04-12 19:53:49","2023-04-12 20:23:49","2023-04-12 20:23:49",5,"37.22"
653,"2023-03-21 16:47:09","2023-03-21 17:17:09","2023-03-21 17:17:09",1,"78.77"
654,"2023-07-18 13:37:41","2023-07-18 14:07:41","2023-07-18 14:07:41",4,"88.79"
655,"2023-04-26 22:23:39","2023-04-26 22:53:39","2023-04-26 22:53:39",8,"59.77"
656,"2023-06-26 05:11:20","2023-06-26 05:41:20","2023-06-26 05:41:20",3,"60.96"
657,"2023-06-02 22:52:12","2023-06-02 23:22:12","2023-06-02 23:22:12",7,"29.48"
658,"2023-03-10 00:27:04","2023-03-10 00:57:04","2023-03-10 00:57:04",1,"65.02"
659,"2023-07-26 03:27:05","2023-07-26 03:57:05","2023-07-26 03:57:05",1,"97.24"
660,"2023-05-14 05:37:34","2023-05-14 06:07:34","2023-05-14 06:07:34",6,"49.23"
661,"2023-11-27 03:03:13","2023-11-27 03:33:13","2023-11-27 03:33:13",6,"49.56"
662,"2023-12-23 22:28:34","2023-12-23 22:58:34",,9,"55.34"
663,"2023-05-25 17:56:36","2023-05-25 18:26:36","2023-05-25 18:26:36",6,"35.65"
664,"2023-12-22 16:23:40","2023-12-22 16:53:40","2023-12-22 16:53:40",9,"92.36"
665,"2023-01-09 14:47:59","2023-01-09 15:17:59","2023-01-09 15:17:59",8,"74.21"
666,"2023-03-10 14:10:40","2023-03-10 14:40:40","2023-03-10 14:40:40",2,"98.33"
667,"2023-09-17 03:18:51","2023-09-17 03:48:51","2023-09-17 03:48:51",10,"32.55"
668,"2023-12-14 17:36:45","2023-12-14 18:06:45","2023-12-14 18:06:45",4,"65.17"
669,"2023-04-04 18:48:12","2023-04-04 19:18:12","2023-04-04 19:18:12",3,"58.61"
670,"2023-11-23 03:48:26","2023-11-23 04:18:26",,10,"41.72"
671,"2023-01-17 10:13:06","2023-01-17 10:43:06","2023-01-17 10:43:06",8,"41.98"
672,"2023-11-17 05:08:34","2023-11-17 05:38:34","2023-11-17 05:38:34",5,"25.76"
673,"2023-02-02 06:01:40","2023-02-02 06:31:40","2023-02-02 06:31:40",10,"35.76"
674,"2023-12-16 08:40:27","2023-12-16 09:10:27","2023-12-16 09:10:27",6,"45.33"
675,"2023-05-13 05:33:39","2023-05-13 06:03:39","2023-05-13 06:03:39",8,"50.06"
676,"2023-05-16 10:03:26","2023-05-16 10:33:26","2023-05-16 10:33:26",1,"43.92"
677,"2023-02-14 21:24:18","2023-02-14 21:54:18","2023-02-14 21:54:18",10,"90.35"
678,"2023-01-04 12:05:28","2023-01-04 12:35:28","2023-01-04 12:35:28",6,"21.61"
679,"2023-04-17 18:34:10","2023-04-17 19:04:10","2023-04-17 19:04:10",10,"91.47"
680,"2023-05-31 12:31:34","2023-05-31 13:01:34","2023-05-31 13:01:34",2,"53.98"
681,"2023-01-25 15:49:13","2023-01-25 16:19:13","2023-01-25 16:19:13",5,"27.68"
682,"2023-09-18 16:22:21","2023-09-18 16:52:21","2023-09-18 16:52:21",6,"99.55"
683,"2023-09-30 08:07:01","2023-09-30 08:37:01","2023-09-30 08:37:01",6,"95.77"
684,"2023-04-05 10:53:43","2023-04-05 11:23:43","2023-04-05 11:23:43",6,"33.56"
685,"2023-08-16 03:41:51","2023-08-16 04:11:51","2023-08-16 04:11:51",9,"80.14"
686,"2023-03-28 22:02:38","2023-03-28 22:32:38","2023-03-28 22:32:38",2,"53.41"
687,"2023-06-16 17:09:18","2023-06-16 17:39:18","2023-06-16 17:39:18",5,"32.59"
688,"2023-07-01 05:29:38","2023-07-01 05:59:38","2023-07-01 05:59:38",8,"52.46"
689,"2023-07-01 09:20:15","2023-07-01 09:50:15","2023-07-01 09:50:15",4,"92.43"
690,"2023-08-21 15:00:48","2023-08-21 15:30:48","2023-08-21 15:30:48",3,"53.96"
691,"2023-08-12 23:17:23","2023-08-12 23:47:23","2023-08-12 23:47:23",10,"31.10"
692,"2023-08-28 21:21:20","2023-08-28 21:51:20","2023-08-28 21:51:20",6,"62.57"
693,"2023-01-22 04:57:06","2023-01-22 05:27:06","2023-01-22 05:27:06",6,"52.05"
694,"2023-01-26 03:38:27","2023-01-26 04:08:27","2023-01-26 04:08:27",8,"73.39"
695,"2023-05-15 09:36:56","2023-05-15 10:06:56","2023-05-15 10:06:56",2,"75.85"
696,"2023-10-19 18:35:17","2023-10-19 19:05:17","2023-10-19 19:05:17",10,"83.29"
697,"2023-08-25 17:13:02","2023-08-25 17:43:02","2023-08-25 17:43:02",5,"21.91"
698,"2023-06-25 11:51:34","2023-06-25 12:21:34",,2,"37.17"
699,"2023-02-28 10:13:44","2023-02-28 10:43:44","2023-02-28 10:43:44",6,"87.70"
700,"2023-06-19 22:09:08","2023-06-19 22:39:08","2023-06-19 22:39:08",8,"67.07"
701,"2023-12-19 20:07:50","2023-12-19 20:37:50","2023-12-19 20:37:50",8,"46.34"
702,"2023-09-20 21:17:03","2023-09-20 21:47:03",,9,"91.28"
703,"2023-03-17 15:28:18","2023-03-17 15:58:18","2023-03-17 16:28:18",8,"57.28"
704,"2023-04-09 22:37:50","2023-04-09 23:07:50","2023-04-09 23:37:50",5,"98.64"
705,"2023-11-18 03:24:53","2023-11-18 03:54:53","2023-11-18 04:24:53",4,"46.80"
706,"2023-04-10 19:09:52","2023-04-10 19:39:52","2023-04-10 20:09:52",10,"86.93"
707,"2023-10-18 08:46:18","2023-10-18 09:16:18","2023-10-18 09:46:18",10,"26.73"
708,"2023-01-11 11:26:10","2023-01-11 11:56:10","2023-01-11 12:26:10",8,"69.74"
709,"2023-05-14 23:30:54","2023-05-15 00:00:54","2023-05-15 00:30:54",3,"81.97"
710,"2023-06-28 04:56:39","2023-06-28 05:26:39","2023-06-28 05:56:39",10,"34.75"
711,"2023-04-03 09:57:42","2023-04-03 10:27:42","2023-04-03 10:57:42",8,"74.19"
712,"2023-09-30 02:11:34","2023-09-30 02:41:34","2023-09-30 03:11:34",9,"66.07"
713,"2023-11-25 17:14:49","2023-11-25 17:44:49","2023-11-25 18:14:49",3,"22.19"
714,"2023-10-13 22:07:56","2023-10-13 22:37:56","2023-10-13 23:07:56",5,"98.72"
715,"2023-02-06 14:31:42","2023-02-06 15:01:42","2023-02-06 15:31:42",2,"32.46"
716,"2023-11-10 17:50:29","2023-11-10 18:20:29","2023-11-10 18:50:29",6,"52.50"
717,"2023-08-26 16:01:49","2023-08-26 16:31:49","2023-08-26 17:01:49",4,"38.84"
718,"2023-02-13 20:07:50","2023-02-13 20:37:50","2023-02-13 21:07:50",1,"82.76"
719,"2023-10-11 10:32:33","2023-10-11 11:02:33","2023-10-11 11:32:33",1,"81.09"
720,"2023-03-17 22:01:39","2023-03-17 22:31:39","2023-03-17 23:01:39",5,"95.49"
721,"2023-11-04 15:11:47","2023-11-04 15:41:47","2023-11-04 16:11:47",4,"61.50"
722,"2023-11-11 13:00:59","2023-11-11 13:30:59","2023-11-11 14:00:59",8,"70.41"
723,"2023-03-14 21:51:21","2023-03-14 22:21:21","2023-03-14 22:51:21",9,"74.20"
724,"2023-04-09 19:25:10","2023-04-09 19:55:10","2023-04-09 20:25:10",3,"44.14"
725,"2023-11-23 07:48:34","2023-11-23 08:18:34","2023-11-23 08:48:34",8,"98.35"
726,"2023-09-02 19:07:04","2023-09-02 19:37:04","2023-09-02 20:07:04",6,"64.35"
727,"2023-06-24 23:51:32","2023-06-25 00:21:32","2023-06-25 00:51:32",8,"58.45"
728,"2023-03-05 14:01:46","2023-03-05 14:31:46","2023-03-05 15:01:46",3,"62.26"
729,"2023-11-03 16:18:44","2023-11-03 16:48:44","2023-11-03 17:18:44",3,"33.19"
730,"2023-03-27 11:30:40","2023-03-27 12:00:40","2023-03-27 12:30:40",4,"36.67"
731,"2023-11-18 05:11:07","2023-11-18 05:41:07","2023-11-18 06:11:07",9,"29.89"
732,"2023-03-11 13:11:33","2023-03-11 13:41:33","2023-03-11 14:11:33",4,"53.86"
733,"2023-07-20 02:50:53","2023-07-20 03:20:53","2023-07-20 03:50:53",8,"72.93"
734,"2023-02-05 14:32:05","2023-02-05 15:02:05","2023-02-05 15:32:05",2,"46.64"
735,"2023-10-30 13:16:36","2023-10-30 13:46:36","2023-10-30 14:16:36",8,"84.17"
736,"2023-11-30 04:21:29","2023-11-30 04:51:29","2023-11-30 05:21:29",1,"61.28"
737,"2023-07-21 22:08:22","2023-07-21 22:38:22","2023-07-21 23:08:22",8,"82.87"
738,"2023-11-22 12:23:05","2023-11-22 12:53:05","2023-11-22 13:23:05",3,"47.33"
739,"2023-09-20 18:10:30","2023-09-20 18:40:30","2023-09-20 19:10:30",1,"25.34"
740,"2023-05-11 23:25:22","2023-05-11 23:55:22","2023-05-12 00:25:22",10,"88.06"
741,"2023-10-15 06:18:41","2023-10-15 06:48:41","2023-10-15 07:18:41",2,"22.88"
742,"2023-05-09 18:39:10","2023-05-09 19:09:10","2023-05-09 19:39:10",3,"50.11"
743,"2023-07-31 08:10:24","2023-07-31 08:40:24","2023-07-31 09:10:24",1,"71.84"
744,"2023-09-18 23:17:39","2023-09-18 23:47:39","2023-09-19 00:17:39",2,"36.01"
745,"2023-02-22 12:04:23","2023-02-22 12:34:23","2023-02-22 13:04:23",3,"90.88"
746,"2023-12-16 05:28:30","2023-12-16 05:58:30","2023-12-16 05:58:30",2,"62.87"
747,"2023-01-30 11:04:43","2023-01-30 11:34:43","2023-01-30 11:34:43",9,"44.49"
748,"2023-04-29 13:58:03","2023-04-29 14:28:03","2023-04-29 14:28:03",5,"74.69"
749,"2023-01-19 17:56:03","2023-01-19 18:26:03","2023-01-19 18:26:03",5,"36.89"
750,"2023-07-22 07:21:25","2023-07-22 07:51:25","2023-07-22 07:51:25",4,"98.36"
751,"2023-04-08 11:51:21","2023-04-08 12:21:21","2023-04-08 12:21:21",2,"66.42"
752,"2023-03-22 03:58:23","2023-03-22 04:28:23","2023-03-22 04:28:23",8,"88.06"
753,"2023-06-14 10:24:27","2023-06-14 10:54:27",,10,"40.58"
754,"2023-10-01 00:34:08","2023-10-01 01:04:08","2023-10-01 01:04:08",2,"43.24"
755,"2023-07-07 16:39:02","2023-07-07 17:09:02","2023-07-07 17:09:02",4,"48.27"
756,"2023-01-09 11:07:32","2023-01-09 11:37:32","2023-01-09 11:37:32",7,"30.43"
757,"2023-05-17 02:49:31","2023-05-17 03:19:31","2023-05-17 03:19:31",7,"66.24"
758,"2023-07-16 02:01:08","2023-07-16 02:31:08","2023-07-16 02:31:08",2,"59.48"
759,"2023-11-24 11:55:03","2023-11-24 12:25:03","2023-11-24 12:25:03",6,"93.64"
760,"2023-04-20 16:21:33","2023-04-20 16:51:33","2023-04-20 16:51:33",6,"91.87"
761,"2023-04-22 01:48:35","2023-04-22 02:18:35","2023-04-22 02:18:35",2,"31.99"
762,"2023-10-23 01:55:41","2023-10-23 02:25:41","2023-10-23 02:25:41",2,"97.96"
763,"2023-01-10 13:16:22","2023-01-10 13:46:22","2023-01-10 13:46:22",1,"78.00"
764,"2023-02-09 16:46:33","2023-02-09 17:16:33","2023-02-09 17:16:33",3,"54.02"
765,"2023-07-03 10:39:51","2023-07-03 11:09:51","2023-07-03 11:09:51",1,"58.26"
766,"2023-04-11 07:28:48","2023-04-11 07:58:48","2023-04-11 07:58:48",2,"62.64"
767,"2023-01-28 16:27:51","2023-01-28 16:57:51","2023-01-28 16:57:51",4,"77.44"
768,"2023-07-15 16:29:27","2023-07-15 16:59:27",,7,"73.03"
769,"2023-06-03 09:57:38","2023-06-03 10:27:38","2023-06-03 10:27:38",5,"32.42"
770,"2023-04-16 02:21:52","2023-04-16 02:51:52","2023-04-16 02:51:52",6,"73.93"
771,"2023-09-17 16:48:57","2023-09-17 17:18:57","2023-09-17 17:18:57",7,"32.83"
772,"2023-08-29 02:01:38","2023-08-29 02:31:38","2023-08-29 02:31:38",9,"60.20"
773,"2023-07-23 09:45:27","2023-07-23 10:15:27","2023-07-23 10:15:27",9,"23.16"
774,"2023-08-19 14:32:11","2023-08-19 15:02:11","2023-08-19 15:02:11",9,"57.46"
775,"2023-11-07 10:46:00","2023-11-07 11:16:00","2023-11-07 11:16:00",2,"70.32"
776,"2023-10-11 17:38:08","2023-10-11 18:08:08","2023-10-11 18:08:08",3,"53.72"
777,"2023-03-09 05:16:39","2023-03-09 05:46:39","2023-03-09 05:46:39",1,"30.55"
778,"2023-12-14 09:15:53","2023-12-14 09:45:53","2023-12-14 09:45:53",3,"78.49"
779,"2023-02-04 09:31:46","2023-02-04 10:01:46","2023-02-04 10:01:46",5,"43.84"
780,"2023-11-17 19:55:24","2023-11-17 20:25:24","2023-11-17 20:25:24",4,"58.10"
781,"2023-06-13 09:37:05","2023-06-13 10:07:05","2023-06-13 10:07:05",4,"78.63"
782,"2023-12-03 16:12:20","2023-12-03 16:42:20","2023-12-03 16:42:20",5,"97.92"
783,"2023-02-09 15:19:52","2023-02-09 15:49:52","2023-02-09 15:49:52",7,"80.89"
784,"2023-10-24 20:15:49","2023-10-24 20:45:49","2023-10-24 20:45:49",5,"35.04"
785,"2023-06-03 05:49:39","2023-06-03 06:19:39","2023-06-03 06:19:39",3,"75.13"
786,"2023-10-17 23:57:10","2023-10-18 00:27:10","2023-10-18 00:27:10",5,"59.84"
787,"2023-08-15 05:25:18","2023-08-15 05:55:18","2023-08-15 05:55:18",2,"55.62"
788,"2023-02-28 06:09:26","2023-02-28 06:39:26","2023-02-28 06:39:26",3,"99.76"
789,"2023-03-18 14:29:49","2023-03-18 14:59:49","2023-03-18 14:59:49",5,"45.70"
790,"2023-02-13 03:32:44","2023-02-13 04:02:44",,4,"84.14"
791,"2023-01-08 18:35:41","2023-01-08 19:05:41","2023-01-08 19:05:41",5,"45.04"
792,"2023-05-03 20:16:47","2023-05-03 20:46:47","2023-05-03 20:46:47",2,"85.78"
793,"2023-03-05 10:32:19","2023-03-05 11:02:19","2023-03-05 11:02:19",7,"82.55"
794,"2023-03-18 00:22:07","2023-03-18 00:52:07","2023-03-18 00:52:07",10,"44.21"
795,"2023-02-05 07:33:51","2023-02-05 08:03:51","2023-02-05 08:03:51",10,"88.41"
796,"2023-03-25 00:03:59","2023-03-25 00:33:59","2023-03-25 00:33:59",5,"36.46"
797,"2023-02-05 00:35:51","2023-02-05 01:05:51","2023-02-05 01:05:51",10,"50.90"
798,"2023-07-21 00:33:37","2023-07-21 01:03:37","2023-07-21 01:03:37",3,"49.02"
799,"2023-06-27 12:01:13","2023-06-27 12:31:13","2023-06-27 12:31:13",8,"25.12"
800,"2023-12-26 15:12:40","2023-12-26 15:42:40","2023-12-26 15:42:40",1,"38.15"
801,"2023-03-02 03:50:30","2023-03-02 04:20:30","2023-03-02 04:20:30",5,"56.48"
802,"2023-05-29 22:44:18","2023-05-29 23:14:18",,4,"47.25"
803,"2023-05-18 06:27:46","2023-05-18 06:57:46","2023-05-18 06:57:46",10,"69.38"
804,"2023-03-14 03:13:21","2023-03-14 03:43:21","2023-03-14 03:43:21",6,"35.25"
805,"2023-02-23 00:28:49","2023-02-23 00:58:49","2023-02-23 00:58:49",6,"51.47"
806,"2023-03-18 00:11:59","2023-03-18 00:41:59","2023-03-18 00:41:59",4,"33.80"
807,"2023-10-19 10:44:13","2023-10-19 11:14:13","2023-10-19 11:14:13",7,"80.61"
808,"2023-03-29 19:11:28","2023-03-29 19:41:28","2023-03-29 19:41:28",7,"62.40"
809,"2023-07-18 09:58:25","2023-07-18 10:28:25","2023-07-18 10:28:25",10,"67.07"
810,"2023-01-15 06:04:54","2023-01-15 06:34:54","2023-01-15 06:34:54",3,"32.08"
811,"2023-02-26 20:10:47","2023-02-26 20:40:47","2023-02-26 20:40:47",7,"47.60"
812,"2023-01-21 20:40:40","2023-01-21 21:10:40","2023-01-21 21:10:40",10,"45.18"
813,"2023-12-07 05:25:14","2023-12-07 05:55:14","2023-12-07 05:55:14",1,"62.73"
814,"2023-12-03 04:45:50","2023-12-03 05:15:50","2023-12-03 05:15:50",5,"24.97"
815,"2023-07-10 08:05:11","2023-07-10 08:35:11","2023-07-10 08:35:11",4,"58.56"
816,"2023-09-25 22:49:12","2023-09-25 23:19:12","2023-09-25 23:19:12",10,"60.85"
817,"2023-04-09 04:37:47","2023-04-09 05:07:47","2023-04-09 05:07:47",4,"67.16"
818,"2023-03-02 05:16:05","2023-03-02 05:46:05","2023-03-02 05:46:05",1,"65.13"
819,"2023-05-19 15:20:14","2023-05-19 15:50:14","2023-05-19 15:50:14",10,"27.47"
820,"2023-02-28 19:45:10","2023-02-28 20:15:10","2023-02-28 20:15:10",7,"49.32"
821,"2023-10-21 01:09:34","2023-10-21 01:39:34","2023-10-21 01:39:34",5,"51.58"
822,"2023-11-01 01:59:08","2023-11-01 02:29:08","2023-11-01 02:29:08",4,"61.39"
823,"2023-08-28 10:26:44","2023-08-28 10:56:44","2023-08-28 10:56:44",9,"33.34"
824,"2023-07-29 01:30:59","2023-07-29 02:00:59","2023-07-29 02:00:59",9,"63.62"
825,"2023-12-01 21:56:31","2023-12-01 22:26:31","2023-12-01 22:26:31",10,"97.64"
826,"2023-03-03 17:48:05","2023-03-03 18:18:05","2023-03-03 18:18:05",3,"29.71"
827,"2023-02-11 05:06:05","2023-02-11 05:36:05","2023-02-11 05:36:05",1,"74.39"
828,"2023-02-16 05:41:26","2023-02-16 06:11:26","2023-02-16 06:11:26",9,"77.76"
829,"2023-05-26 17:07:31","2023-05-26 17:37:31","2023-05-26 17:37:31",9,"54.45"
830,"2023-08-29 03:18:11","2023-08-29 03:48:11","2023-08-29 03:48:11",1,"30.01"
831,"2023-09-20 11:45:51","2023-09-20 12:15:51","2023-09-20 12:15:51",3,"32.58"
832,"2023-10-24 16:09:32","2023-10-24 16:39:32","2023-10-24 17:04:32",1,"73.13"
833,"2023-12-16 18:09:47","2023-12-16 18:39:47","2023-12-16 19:04:47",2,"61.23"
834,"2023-06-19 16:18:20","2023-06-19 16:48:20","2023-06-19 17:13:20",1,"96.73"
835,"2023-02-25 20:22:06","2023-02-25 20:52:06","2023-02-25 21:17:06",3,"76.73"
836,"2023-04-10 15:21:15","2023-04-10 15:51:15","2023-04-10 16:16:15",9,"39.17"
837,"2023-09-04 09:37:11","2023-09-04 10:07:11","2023-09-04 10:32:11",8,"28.18"
838,"2023-01-30 22:38:45","2023-01-30 23:08:45","2023-01-30 23:33:45",2,"85.48"
839,"2023-01-28 13:05:30","2023-01-28 13:35:30","2023-01-28 14:00:30",4,"45.07"
840,"2023-11-17 02:01:38","2023-11-17 02:31:38","2023-11-17 02:56:38",9,"65.09"
841,"2023-10-17 09:17:33","2023-10-17 09:47:33","2023-10-17 10:12:33",1,"49.65"
842,"2023-10-18 11:51:03","2023-10-18 12:21:03","2023-10-18 12:46:03",8,"53.14"
843,"2023-07-12 00:37:19","2023-07-12 01:07:19","2023-07-12 01:32:19",5,"53.35"
844,"2023-07-28 23:47:17","2023-07-29 00:17:17","2023-07-29 00:42:17",2,"26.60"
845,"2023-02-03 16:49:01","2023-02-03 17:19:01","2023-02-03 17:19:01",1,"71.88"
846,"2023-03-18 18:40:11","2023-03-18 19:10:11",,7,"61.90"
847,"2023-02-28 09:47:34","2023-02-28 10:17:34","2023-02-28 10:17:34",5,"49.69"
848,"2023-11-14 04:40:39","2023-11-14 05:10:39","2023-11-14 05:10:39",4,"46.19"
849,"2023-12-13 11:16:03","2023-12-13 11:46:03","2023-12-13 11:46:03",5,"69.51"
850,"2023-01-22 17:56:37","2023-01-22 18:26:37",,10,"27.00"
851,"2023-06-13 07:17:15","2023-06-13 07:47:15","2023-06-13 07:47:15",7,"80.07"
852,"2023-02-19 12:02:36","2023-02-19 12:32:36","2023-02-19 12:32:36",4,"56.66"
853,"2023-03-10 23:22:28","2023-03-10 23:52:28","2023-03-10 23:52:28",3,"50.26"
854,"2023-03-15 02:59:32","2023-03-15 03:29:32","2023-03-15 03:29:32",7,"63.21"
855,"2023-09-06 01:48:16","2023-09-06 02:18:16","2023-09-06 02:18:16",5,"88.65"
856,"2023-09-10 06:36:54","2023-09-10 07:06:54","2023-09-10 07:06:54",1,"83.21"
857,"2023-04-18 03:20:58","2023-04-18 03:50:58","2023-04-18 03:50:58",9,"73.78"
858,"2023-04-19 04:47:59","2023-04-19 05:17:59","2023-04-19 05:17:59",5,"34.25"
859,"2023-02-07 00:04:34","2023-02-07 00:34:34","2023-02-07 00:34:34",6,"73.24"
860,"2023-02-13 16:17:19","2023-02-13 16:47:19","2023-02-13 16:47:19",9,"20.37"
861,"2023-11-22 13:02:57","2023-11-22 13:32:57","2023-11-22 13:32:57",10,"97.81"
862,"2023-04-30 06:16:45","2023-04-30 06:46:45","2023-04-30 06:46:45",3,"82.92"
863,"2023-02-07 22:16:43","2023-02-07 22:46:43","2023-02-07 22:46:43",2,"73.22"
864,"2023-05-25 18:58:38","2023-05-25 19:28:38","2023-05-25 19:28:38",7,"49.29"
865,"2023-09-14 18:15:36","2023-09-14 18:45:36","2023-09-14 18:45:36",1,"63.72"
866,"2023-11-24 09:17:48","2023-11-24 09:47:48","2023-11-24 09:47:48",6,"58.25"
867,"2023-02-23 09:17:14","2023-02-23 09:47:14","2023-02-23 09:47:14",2,"26.33"
868,"2023-06-30 00:10:45","2023-06-30 00:40:45","2023-06-30 00:40:45",8,"27.27"
869,"2023-01-28 04:17:53","2023-01-28 04:47:53","2023-01-28 04:47:53",9,"57.62"
870,"2023-10-11 16:10:22","2023-10-11 16:40:22","2023-10-11 16:40:22",6,"35.19"
871,"2023-03-08 03:51:11","2023-03-08 04:21:11","2023-03-08 04:21:11",2,"59.96"
872,"2023-06-13 09:33:07","2023-06-13 10:03:07","2023-06-13 10:03:07",5,"70.53"
873,"2023-06-10 23:15:08","2023-06-10 23:45:08","2023-06-10 23:45:08",5,"75.94"
874,"2023-05-16 05:54:40","2023-05-16 06:24:40","2023-05-16 06:24:40",5,"77.12"
875,"2023-11-03 07:02:49","2023-11-03 07:32:49","2023-11-03 07:32:49",5,"83.39"
876,"2023-07-26 02:46:19","2023-07-26 03:16:19","2023-07-26 03:16:19",5,"76.72"
877,"2023-01-09 11:10:30","2023-01-09 11:40:30","2023-01-09 11:40:30",7,"89.57"
878,"2023-06-01 16:12:21","2023-06-01 16:42:21","2023-06-01 16:42:21",3,"39.32"
879,"2023-04-21 01:45:00","2023-04-21 02:15:00",,5,"90.15"
880,"2023-10-01 06:43:54","2023-10-01 07:13:54","2023-10-01 07:13:54",5,"51.77"
881,"2023-10-29 10:48:43","2023-10-29 11:18:43","2023-10-29 11:18:43",1,"70.08"
882,"2023-04-12 21:54:38","2023-04-12 22:24:38",,6,"33.03"
883,"2023-02-06 23:28:51","2023-02-06 23:58:51","2023-02-06 23:58:51",3,"78.59"
884,"2023-12-04 09:41:26","2023-12-04 10:11:26",,7,"80.29"
885,"2023-10-07 15:55:05","2023-10-07 16:25:05","2023-10-07 16:25:05",4,"38.86"
886,"2023-08-12 01:29:12","2023-08-12 01:59:12","2023-08-12 01:59:12",6,"72.18"
887,"2023-04-10 20:14:42","2023-04-10 20:44:42","2023-04-10 20:44:42",9,"76.12"
888,"2023-07-24 01:53:48","2023-07-24 02:23:48","2023-07-24 02:23:48",3,"89.74"
889,"2023-07-17 04:33:40","2023-07-17 05:03:40","2023-07-17 05:03:40",9,"71.31"
890,"2023-02-18 14:15:12","2023-02-18 14:45:12","2023-02-18 14:45:12",4,"48.35"
891,"2023-12-24 10:34:00","2023-12-24 11:04:00","2023-12-24 11:04:00",4,"69.25"
892,"2023-11-09 15:43:28","2023-11-09 16:13:28","2023-11-09 16:13:28",8,"73.42"
893,"2023-02-05 05:43:27","2023-02-05 06:13:27","2023-02-05 06:13:27",7,"37.50"
894,"2023-09-16 09:22:40","2023-09-16 09:52:40","2023-09-16 09:52:40",5,"35.35"
895,"2023-06-18 20:33:47","2023-06-18 21:03:47","2023-06-18 21:03:47",4,"87.92"
896,"2023-06-08 04:11:03","2023-06-08 04:41:03","2023-06-08 04:41:03",3,"41.56"
897,"2023-11-27 00:54:52","2023-11-27 01:24:52","2023-11-27 01:24:52",9,"52.15"
898,"2023-04-03 06:13:27","2023-04-03 06:43:27","2023-04-03 06:43:27",6,"72.42"
899,"2023-11-05 04:19:23","2023-11-05 04:49:23","2023-11-05 04:49:23",7,"43.35"
900,"2023-02-17 08:10:25","2023-02-17 08:40:25","2023-02-17 08:40:25",2,"28.78"
901,"2023-01-09 04:05:42","2023-01-09 04:35:42","2023-01-09 04:35:42",1,"46.73"
902,"2023-03-08 23:44:35","2023-03-09 00:14:35","2023-03-09 00:14:35",8,"80.82"
903,"2023-10-23 01:27:56","2023-10-23 01:57:56","2023-10-23 01:57:56",3,"51.78"
904,"2023-07-16 14:56:52","2023-07-16 15:26:52","2023-07-16 15:26:52",8,"48.24"
905,"2023-11-08 21:10:59","2023-11-08 21:40:59","2023-11-08 21:40:59",4,"32.07"
906,"2023-07-01 19:50:56","2023-07-01 20:20:56","2023-07-01 20:20:56",1,"83.03"
907,"2023-12-16 22:04:15","2023-12-16 22:34:15","2023-12-16 22:34:15",9,"56.48"
908,"2023-04-08 09:35:53","2023-04-08 10:05:53","2023-04-08 10:05:53",4,"91.64"
909,"2023-10-17 04:13:37","2023-10-17 04:43:37","2023-10-17 04:43:37",3,"30.07"
910,"2023-08-04 08:08:42","2023-08-04 08:38:42","2023-08-04 08:38:42",1,"27.50"
911,"2023-03-11 09:45:54","2023-03-11 10:15:54","2023-03-11 10:15:54",1,"95.59"
912,"2023-12-21 14:20:46","2023-12-21 14:50:46","2023-12-21 14:50:46",6,"98.03"
913,"2023-10-06 09:20:47","2023-10-06 09:50:47","2023-10-06 09:50:47",9,"32.12"
914,"2023-10-09 13:44:27","2023-10-09 14:14:27","2023-10-09 14:14:27",10,"74.05"
915,"2023-04-28 18:09:58","2023-04-28 18:39:58","2023-04-28 18:39:58",1,"88.75"
916,"2023-04-14 23:29:43","2023-04-14 23:59:43","2023-04-14 23:59:43",7,"66.51"
917,"2023-11-10 04:36:31","2023-11-10 05:06:31",,10,"87.53"
918,"2023-11-04 21:41:36","2023-11-04 22:11:36","2023-11-04 22:11:36",5,"24.85"
919,"2023-03-22 14:59:27","2023-03-22 15:29:27","2023-03-22 15:29:27",8,"95.98"
920,"2023-07-27 00:05:16","2023-07-27 00:35:16","2023-07-27 00:35:16",10,"60.60"
921,"2023-02-07 16:35:31","2023-02-07 17:05:31","2023-02-07 17:05:31",7,"32.24"
922,"2023-10-15 09:05:09","2023-10-15 09:35:09","2023-10-15 09:35:09",9,"42.61"
923,"2023-03-12 21:08:48","2023-03-12 21:38:48","2023-03-12 21:38:48",3,"66.51"
924,"2023-09-07 17:12:51","2023-09-07 17:42:51",,10,"70.53"
925,"2023-06-28 02:13:05","2023-06-28 02:43:05","2023-06-28 02:43:05",7,"39.37"
926,"2023-06-19 13:13:29","2023-06-19 13:43:29","2023-06-19 13:43:29",2,"80.65"
927,"2023-12-12 05:49:26","2023-12-12 06:19:26","2023-12-12 06:19:26",3,"83.53"
928,"2023-10-28 09:40:04","2023-10-28 10:10:04","2023-10-28 10:10:04",3,"60.85"
929,"2023-04-01 02:01:20","2023-04-01 02:31:20","2023-04-01 02:31:20",1,"95.45"
930,"2023-05-04 16:07:55","2023-05-04 16:37:55","2023-05-04 16:37:55",9,"48.61"
931,"2023-10-21 04:47:13","2023-10-21 05:17:13","2023-10-21 05:17:13",3,"57.78"
932,"2023-10-09 16:12:22","2023-10-09 16:42:22","2023-10-09 16:42:22",5,"37.88"
933,"2023-08-12 21:47:28","2023-08-12 22:17:28","2023-08-12 22:17:28",6,"26.76"
934,"2023-02-28 02:34:42","2023-02-28 03:04:42","2023-02-28 03:04:42",2,"51.29"
935,"2023-02-16 09:29:26","2023-02-16 09:59:26","2023-02-16 09:59:26",3,"29.76"
936,"2023-08-24 09:19:28","2023-08-24 09:49:28","2023-08-24 09:49:28",3,"50.28"
937,"2023-08-01 21:17:45","2023-08-01 21:47:45","2023-08-01 21:47:45",5,"54.87"
938,"2023-03-07 18:36:59","2023-03-07 19:06:59","2023-03-07 19:06:59",1,"97.54"
939,"2023-11-22 08:24:08","2023-11-22 08:54:08","2023-11-22 08:54:08",4,"52.76"
940,"2023-08-29 01:11:36","2023-08-29 01:41:36",,3,"28.21"
941,"2023-07-05 22:31:55","2023-07-05 23:01:55","2023-07-05 23:01:55",2,"77.95"
942,"2023-08-04 09:05:20","2023-08-04 09:35:20","2023-08-04 09:35:20",2,"59.80"
943,"2023-06-27 00:03:36","2023-06-27 00:33:36","2023-06-27 00:33:36",3,"61.22"
944,"2023-09-17 10:38:02","2023-09-17 11:08:02","2023-09-17 11:08:02",5,"25.34"
945,"2023-06-03 03:50:47","2023-06-03 04:20:47",,4,"59.76"
946,"2023-06-01 16:46:40","2023-06-01 17:16:40","2023-06-01 17:16:40",1,"88.13"
947,"2023-04-20 13:38:14","2023-04-20 14:08:14","2023-04-20 14:08:14",8,"52.39"
948,"2023-06-21 05:17:53","2023-06-21 05:47:53","2023-06-21 05:47:53",5,"61.56"
949,"2023-03-25 06:17:50","2023-03-25 06:47:50","2023-03-25 06:47:50",1,"88.07"
950,"2023-05-23 22:39:25","2023-05-23 23:09:25","2023-05-23 23:09:25",4,"70.77"
951,"2023-08-06 08:19:35","2023-08-06 08:49:35","2023-08-06 08:49:35",3,"36.45"
952,"2023-01-16 17:17:43","2023-01-16 17:47:43","2023-01-16 17:47:43",6,"33.01"
953,"2023-09-01 03:45:03","2023-09-01 04:15:03","2023-09-01 04:15:03",4,"74.97"
954,"2023-07-08 09:23:02","2023-07-08 09:53:02","2023-07-08 09:53:02",2,"33.83"
955,"2023-10-06 01:25:37","2023-10-06 01:55:37","2023-10-06 01:55:37",1,"31.04"
956,"2023-05-21 03:53:02","2023-05-21 04:23:02","2023-05-21 04:23:02",1,"72.09"
957,"2023-12-04 10:38:32","2023-12-04 11:08:32","2023-12-04 11:08:32",2,"83.74"
958,"2023-02-06 13:30:11","2023-02-06 14:00:11",,7,"28.73"
959,"2023-03-09 17:09:14","2023-03-09 17:39:14","2023-03-09 17:39:14",4,"86.25"
960,"2023-01-04 07:41:12","2023-01-04 08:11:12","2023-01-04 08:11:12",3,"30.30"
961,"2023-11-24 19:19:14","2023-11-24 19:49:14","2023-11-24 19:49:14",7,"84.43"
962,"2023-12-14 03:44:34","2023-12-14 04:14:34","2023-12-14 04:14:34",3,"92.62"
963,"2023-08-15 15:57:35","2023-08-15 16:27:35","2023-08-15 16:27:35",6,"85.26"
964,"2023-10-25 07:49:05","2023-10-25 08:19:05","2023-10-25 08:19:05",4,"95.24"
965,"2023-08-29 17:20:13","2023-08-29 17:50:13","2023-08-29 17:50:13",2,"42.84"
966,"2023-08-15 11:47:00","2023-08-15 12:17:00","2023-08-15 12:17:00",7,"53.76"
967,"2023-02-08 11:04:36","2023-02-08 11:34:36","2023-02-08 11:34:36",4,"70.82"
968,"2023-04-20 17:26:32","2023-04-20 17:56:32","2023-04-20 17:56:32",1,"33.71"
969,"2023-09-30 15:07:16","2023-09-30 15:37:16","2023-09-30 15:37:16",6,"60.31"
970,"2023-01-04 04:32:14","2023-01-04 05:02:14","2023-01-04 05:02:14",5,"51.17"
971,"2023-02-17 11:22:04","2023-02-17 11:52:04","2023-02-17 11:52:04",7,"74.16"
972,"2023-09-08 01:56:23","2023-09-08 02:26:23","2023-09-08 02:26:23",9,"26.27"
973,"2023-02-27 15:33:18","2023-02-27 16:03:18","2023-02-27 16:03:18",1,"74.30"
974,"2023-12-24 22:05:25","2023-12-24 22:35:25","2023-12-24 22:35:25",3,"69.74"
975,"2023-01-22 16:58:45","2023-01-22 17:28:45","2023-01-22 17:28:45",10,"88.48"
976,"2023-11-25 08:19:13","2023-11-25 08:49:13","2023-11-25 08:49:13",1,"43.72"
977,"2023-11-21 18:28:58","2023-11-21 18:58:58","2023-11-21 18:58:58",1,"28.61"
978,"2023-07-29 03:38:28","2023-07-29 04:08:28","2023-07-29 04:08:28",9,"49.98"
979,"2023-10-03 03:59:48","2023-10-03 04:29:48","2023-10-03 04:29:48",3,"89.89"
980,"2023-09-20 16:55:00","2023-09-20 17:25:00","2023-09-20 17:25:00",6,"26.51"
981,"2023-11-12 17:37:42","2023-11-12 18:07:42","2023-11-12 18:07:42",4,"64.91"
982,"2023-03-25 13:26:30","2023-03-25 13:56:30","2023-03-25 13:56:30",9,"42.12"
983,"2023-11-21 05:01:04","2023-11-21 05:31:04","2023-11-21 05:31:04",8,"92.69"
984,"2023-10-26 05:52:57","2023-10-26 06:22:57","2023-10-26 06:22:57",2,"23.70"
985,"2023-10-10 12:02:23","2023-10-10 12:32:23","2023-10-10 12:32:23",5,"30.83"
986,"2023-10-25 16:06:28","2023-10-25 16:36:28","2023-10-25 16:36:28",3,"37.17"
987,"2023-01-19 20:48:46","2023-01-19 21:18:46","2023-01-19 21:18:46",8,"78.51"
988,"2023-08-26 00:27:33","2023-08-26 00:57:33","2023-08-26 00:57:33",8,"87.41"
989,"2023-07-14 10:08:47","2023-07-14 10:38:47","2023-07-14 10:38:47",3,"71.69"
990,"2023-08-13 15:20:07","2023-08-13 15:50:07","2023-08-13 15:50:07",2,"25.47"
991,"2023-02-05 16:20:39","2023-02-05 16:50:39","2023-02-05 16:50:39",3,"31.73"
992,"2023-05-09 21:42:45","2023-05-09 22:12:45","2023-05-09 22:12:45",4,"57.71"
993,"2023-08-26 14:25:55","2023-08-26 14:55:55","2023-08-26 14:55:55",5,"35.91"
994,"2023-06-17 14:15:43","2023-06-17 14:45:43","2023-06-17 14:45:43",10,"97.91"
995,"2023-08-01 09:38:00","2023-08-01 10:08:00","2023-08-01 10:08:00",10,"47.24"
996,"2023-12-11 07:09:39","2023-12-11 07:39:39","2023-12-11 07:39:39",10,"57.59"
997,"2023-12-27 06:15:14","2023-12-27 06:45:14","2023-12-27 06:45:14",3,"23.35"
998,"2023-06-18 13:18:19","2023-06-18 13:48:19","2023-06-18 13:48:19",1,"61.33"
999,"2023-05-30 12:20:37","2023-05-30 12:50:37","2023-05-30 12:50:37",1,"59.14"
1000,"2023-05-15 10:26:11","2023-05-15 10:56:11","2023-05-15 10:56:11",1,"21.96"
